# ['log', 'sin'][1.0, 0.0] [1.0, 1.0, 0.0, 0.0]
1.000000000000000056e-01,-2.202751676347217469e+00
1.199199199199199317e-01,-2.001298390257109538e+00
1.398398398398398301e-01,-1.827872992682999076e+00
1.597597597597597563e-01,-1.675003063333602382e+00
1.796796796796796825e-01,-1.537865151600499969e+00
1.995995995995996086e-01,-1.413165025290836541e+00
2.195195195195195348e-01,-1.298553424991561567e+00
2.394394394394394332e-01,-1.192296661222529419e+00
2.593593593593593871e-01,-1.093079300596239145e+00
2.792792792792793133e-01,-9.998800725461198802e-01
2.991991991991992395e-01,-9.118906315969584897e-01
3.191191191191191101e-01,-8.284605563836132669e-01
3.390390390390390363e-01,-7.490590309525604340e-01
3.589589589589589069e-01,-6.732474819215532591e-01
3.788788788788788331e-01,-6.006596147846212652e-01
3.987987987987987593e-01,-5.309865708785501681e-01
4.187187187187186854e-01,-4.639657052944863302e-01
4.386386386386386116e-01,-3.993719746944295879e-01
4.585585585585585378e-01,-3.370112387539752064e-01
4.784784784784784639e-01,-2.767149864750814148e-01
4.983983983983983901e-01,-2.183361383257084176e-01
5.183183183183183163e-01,-1.617456710185666280e-01
5.382382382382382424e-01,-1.068298786442811732e-01
5.581581581581581686e-01,-5.348813130605389876e-02
5.780780780780780947e-01,-1.631026515453437575e-03
5.979979979979980209e-01,4.882114653234270740e-02
6.179179179179178361e-01,9.793969134896057804e-02
6.378378378378377622e-01,1.457885850754240264e-01
6.577577577577576884e-01,1.924253934925783671e-01
6.776776776776776146e-01,2.379020498268268891e-01
6.975975975975975407e-01,2.822655210306002083e-01
7.175175175175174669e-01,3.255583805475063541e-01
7.374374374374373931e-01,3.678193029261755953e-01
7.573573573573573192e-01,4.090834927787294073e-01
7.772772772772772454e-01,4.493830583077152441e-01
7.971971971971971715e-01,4.887473378134487567e-01
8.171171171171170977e-01,5.272031861397170616e-01
8.370370370370370239e-01,5.647752268421001309e-01
8.569569569569569500e-01,6.014860749104039561e-01
8.768768768768768762e-01,6.373565340991517170e-01
8.967967967967968024e-01,6.724057722823206795e-01
9.167167167167166175e-01,7.066514777228785071e-01
9.366366366366365437e-01,7.401099987124770685e-01
9.565565565565564699e-01,7.727964686747526013e-01
9.764764764764763960e-01,8.047249185234776059e-01
9.963963963963963222e-01,8.359083778134392961e-01
1.016316316316316248e+00,8.663589660086888911e-01
1.036236236236236286e+00,8.960879750127042076e-01
1.056156156156156101e+00,9.251059439523420247e-01
1.076076076076076138e+00,9.534227270776352015e-01
1.095995995995995953e+00,9.810475555286997107e-01
1.115915915915915990e+00,1.007989093626238564e+00
1.135835835835835805e+00,1.034255490260726384e+00
1.155755755755755843e+00,1.059854425885324192e+00
1.175675675675675658e+00,1.084793155557090216e+00
1.195595595595595695e+00,1.109078548418722443e+00
1.215515515515515510e+00,1.132717123967644568e+00
1.235435435435435547e+00,1.155715085419753096e+00
1.255355355355355362e+00,1.178078350440681987e+00
1.275275275275275400e+00,1.199812579487356867e+00
1.295195195195195215e+00,1.220923201976221728e+00
1.315115115115115252e+00,1.241415440471397291e+00
1.335035035035035067e+00,1.261294333065655415e+00
1.354954954954955104e+00,1.280564754109165149e+00
1.374874874874874919e+00,1.299231433425112936e+00
1.394794794794794734e+00,1.317298974137286915e+00
1.414714714714714772e+00,1.334771869222290075e+00
1.434634634634634587e+00,1.351654516888010527e+00
1.454554554554554624e+00,1.367951234870179444e+00
1.474474474474474439e+00,1.383666273730083551e+00
1.494394394394394476e+00,1.398803829228723927e+00
1.514314314314314291e+00,1.413368053845723171e+00
1.534234234234234329e+00,1.427363067505052152e+00
1.554154154154154144e+00,1.440792967564057392e+00
1.574074074074074181e+00,1.453661838117238592e+00
1.593993993993993996e+00,1.465973758661726967e+00
1.613913913913914033e+00,1.477732812167344534e+00
1.633833833833833848e+00,1.488943092590462758e+00
1.653753753753753886e+00,1.499608711867586042e+00
1.673673673673673701e+00,1.509733806421584834e+00
1.693593593593593738e+00,1.519322543210821053e+00
1.713513513513513553e+00,1.528379125348950041e+00
1.733433433433433368e+00,1.536907797320970825e+00
1.753353353353353405e+00,1.544912849819091827e+00
1.773273273273273221e+00,1.552398624220138412e+00
1.793193193193193258e+00,1.559369516724579352e+00
1.813113113113113073e+00,1.565829982175725998e+00
1.833033033033033110e+00,1.571784537576287111e+00
1.852952952952952925e+00,1.577237765318196594e+00
1.872872872872872962e+00,1.582194316140495882e+00
1.892792792792792778e+00,1.586658911828983332e+00
1.912712712712712815e+00,1.590636347670411066e+00
1.932632632632632630e+00,1.594131494673102889e+00
1.952552552552552667e+00,1.597149301565087720e+00
1.972472472472472482e+00,1.599694796580091172e+00
1.992392392392392519e+00,1.601773089041054643e+00
2.012312312312312113e+00,1.603389370750235798e+00
2.032232232232232150e+00,1.604548917194369428e+00
2.052152152152152187e+00,1.605257088572845880e+00
2.072072072072071780e+00,1.605519330656381527e+00
2.091991991991991817e+00,1.605341175483211646e+00
2.111911911911911854e+00,1.604728241899435304e+00
2.131831831831831892e+00,1.603686235949747463e+00
2.151751751751751929e+00,1.602220951124474047e+00
2.171671671671671522e+00,1.600338268468474823e+00
2.191591591591591559e+00,1.598044156557213435e+00
2.211511511511511596e+00,1.595344671344995469e+00
2.231431431431431633e+00,1.592245955890146281e+00
2.251351351351351227e+00,1.588754239961648107e+00
2.271271271271271264e+00,1.584875839531556085e+00
2.291191191191191301e+00,1.580617156157305025e+00
2.311111111111111338e+00,1.575984676257836004e+00
2.331031031031030931e+00,1.570984970287308435e+00
2.350950950950950968e+00,1.565624691809989422e+00
2.370870870870871006e+00,1.559910576479790478e+00
2.390790790790790599e+00,1.553849440927758563e+00
2.410710710710710636e+00,1.547448181560723501e+00
2.430630630630630673e+00,1.540713773274181131e+00
2.450550550550550710e+00,1.533653268082376897e+00
2.470470470470470303e+00,1.526273793668466050e+00
2.490390390390390341e+00,1.518582551857520002e+00
2.510310310310310378e+00,1.510586817015078687e+00
2.530230230230230415e+00,1.502293934373847950e+00
2.550150150150150008e+00,1.493711318291085721e+00
2.570070070070070045e+00,1.484846450439136545e+00
2.589989989989990082e+00,1.475706877931519223e+00
2.609909909909910120e+00,1.466300211386905250e+00
2.629829829829829713e+00,1.456634122933272879e+00
2.649749749749749750e+00,1.446716344154470368e+00
2.669669669669669787e+00,1.436554663981370661e+00
2.689589589589589380e+00,1.426156926529753344e+00
2.709509509509509417e+00,1.415531028887011100e+00
2.729429429429429455e+00,1.404684918849736563e+00
2.749349349349349492e+00,1.393626592614205739e+00
2.769269269269269085e+00,1.382364092421741075e+00
2.789189189189189122e+00,1.370905504160905286e+00
2.809109109109109159e+00,1.359258954928448615e+00
2.829029029029029196e+00,1.347432610550895582e+00
2.848948948948948789e+00,1.335434673068636613e+00
2.868868868868868827e+00,1.323273378184365745e+00
2.888788788788788864e+00,1.310956992677675625e+00
2.908708708708708901e+00,1.298493811787599927e+00
2.928628628628628494e+00,1.285892156564877098e+00
2.948548548548548531e+00,1.273160371195678264e+00
2.968468468468468568e+00,1.260306820298535246e+00
2.988388388388388162e+00,1.247339886196174863e+00
3.008308308308308199e+00,1.234267966163951957e+00
3.028228228228228236e+00,1.221099469656560910e+00
3.048148148148148273e+00,1.207842815514680979e+00
3.068068068068067866e+00,1.194506429153199045e+00
3.087987987987987903e+00,1.181098739732640013e+00
3.107907907907907941e+00,1.167628177315417348e+00
3.127827827827827978e+00,1.154103170008497825e+00
3.147747747747747571e+00,1.140532141094073193e+00
3.167667667667667608e+00,1.126923506149800192e+00
3.187587587587587645e+00,1.113285670160174989e+00
3.207507507507507682e+00,1.099627024620578819e+00
3.227427427427427276e+00,1.085955944635528247e+00
3.247347347347347313e+00,1.072280786012649090e+00
3.267267267267267350e+00,1.058609882353876097e+00
3.287187187187187387e+00,1.044951542145372558e+00
3.307107107107106980e+00,1.031314045847648853e+00
3.327027027027027017e+00,1.017705642987342562e+00
3.346946946946947055e+00,1.004134549252122532e+00
3.366866866866866648e+00,9.906089435901496154e-01
3.386786786786786685e+00,9.771369653155238533e-01
3.406706706706706722e+00,9.637267112211400644e-01
3.426626626626626759e+00,9.503862327003438359e-01
3.446546546546546352e+00,9.371235328787852481e-01
3.466466466466466390e+00,9.239465637578422319e-01
3.486386386386386427e+00,9.108632233709793580e-01
3.506306306306306464e+00,8.978813529543860916e-01
3.526226226226226057e+00,8.850087341332348867e-01
3.546146146146146094e+00,8.722530861248767309e-01
3.566066066066066131e+00,8.596220629602865371e-01
3.585985985985986169e+00,8.471232507250432420e-01
3.605905905905905762e+00,8.347641648211318044e-01
3.625825825825825799e+00,8.225522472508232097e-01
3.645745745745745836e+00,8.104948639238889196e-01
3.665665665665665429e+00,7.985993019893752320e-01
3.685585585585585466e+00,7.868727671931605716e-01
3.705505505505505504e+00,7.753223812624979727e-01
3.725425425425425541e+00,7.639551793187270290e-01
3.745345345345345134e+00,7.527781073193247074e-01
3.765265265265265171e+00,7.417980195304515467e-01
3.785185185185185208e+00,7.310216760311294415e-01
3.805105105105105245e+00,7.204557402501678975e-01
3.825025025025024838e+00,7.101067765369432072e-01
3.844944944944944876e+00,6.999812477671162325e-01
3.864864864864864913e+00,6.900855129843553870e-01
3.884784784784784950e+00,6.804258250791113127e-01
3.904704704704704543e+00,6.710083285054774249e-01
3.924624624624624580e+00,6.618390570371457393e-01
3.944544544544544618e+00,6.529239315634516316e-01
3.964464464464464211e+00,6.442687579264836373e-01
3.984384384384384248e+00,6.358792248002046454e-01
4.004304304304303841e+00,6.277609016125329511e-01
4.024224224224224322e+00,6.199192365112818903e-01
4.044144144144143915e+00,6.123595543748674430e-01
4.064064064064063508e+00,6.050870548686437811e-01
4.083983983983983990e+00,5.981068105477322927e-01
4.103903903903903583e+00,5.914237650071699770e-01
4.123823823823823176e+00,5.850427310801858960e-01
4.143743743743743657e+00,5.789683890854033788e-01
4.163663663663663250e+00,5.732052851237287028e-01
4.183583583583582843e+00,5.677578294256753200e-01
4.203503503503503325e+00,5.626302947498468265e-01
4.223423423423422918e+00,5.578268148332836684e-01
4.243343343343342511e+00,5.533513828943443791e-01
4.263263263263262992e+00,5.492078501887885933e-01
4.283183183183182585e+00,5.453999246196863382e-01
4.303103103103102178e+00,5.419311694017684422e-01
4.323023023023022660e+00,5.388050017808047043e-01
4.342942942942942253e+00,5.360246918085714851e-01
4.362862862862862734e+00,5.335933611739510640e-01
4.382782782782782327e+00,5.315139820906767953e-01
4.402702702702701920e+00,5.297893762422172248e-01
4.422622622622622401e+00,5.284222137842676803e-01
4.442542542542541995e+00,5.274150124052918720e-01
4.462462462462461588e+00,5.267701364455343871e-01
4.482382382382382069e+00,5.264897960748968764e-01
4.502302302302301662e+00,5.265760465300509674e-01
4.522222222222222143e+00,5.270307874111322954e-01
4.542142142142141736e+00,5.278557620383341753e-01
4.562062062062061329e+00,5.290525568687024505e-01
4.581981981981981811e+00,5.306226009733954196e-01
4.601901901901901404e+00,5.325671655756606393e-01
4.621821821821820997e+00,5.348873636497457618e-01
4.641741741741741478e+00,5.375841495809416948e-01
4.661661661661661071e+00,5.406583188869237278e-01
4.681581581581580664e+00,5.441105080005428363e-01
4.701501501501501146e+00,5.479411941141796305e-01
4.721421421421420739e+00,5.521506950857612006e-01
4.741341341341341220e+00,5.567391694065063623e-01
4.761261261261260813e+00,5.617066162304434895e-01
4.781181181181180406e+00,5.670528754657245818e-01
4.801101101101100888e+00,5.727776279277190241e-01
4.821021021021020481e+00,5.788803955538638357e-01
4.840940940940940074e+00,5.853605416802111217e-01
4.860860860860860555e+00,5.922172713795865739e-01
4.880780780780780148e+00,5.994496318612541064e-01
4.900700700700699741e+00,6.070565129319568376e-01
4.920620620620620222e+00,6.150366475181714421e-01
4.940540540540539816e+00,6.233886122493947912e-01
4.960460460460460297e+00,6.321108281022608244e-01
4.980380380380379890e+00,6.412015611052446218e-01
5.000300300300299483e+00,6.506589231037114285e-01
5.020220220220219964e+00,6.604808725850147555e-01
5.040140140140139557e+00,6.706652155633475720e-01
5.060060060060059151e+00,6.812096065240147436e-01
5.079979979979979632e+00,6.921115494267708890e-01
5.099899899899899225e+00,7.033683987678456262e-01
5.119819819819819706e+00,7.149773607002601894e-01
5.139739739739739299e+00,7.269354942119994334e-01
5.159659659659658892e+00,7.392397123616045729e-01
5.179579579579579374e+00,7.518867835707014891e-01
5.199499499499498967e+00,7.648733329729767716e-01
5.219419419419418560e+00,7.781958438190857974e-01
5.239339339339339041e+00,7.918506589369472826e-01
5.259259259259258634e+00,8.058339822468598701e-01
5.279179179179178227e+00,8.201418803308685446e-01
5.299099099099098709e+00,8.347702840557582604e-01
5.319019019019018302e+00,8.497149902490548357e-01
5.338938938938938783e+00,8.649716634273875160e-01
5.358858858858858376e+00,8.805358375765277579e-01
5.378778778778777969e+00,8.964029179824325455e-01
5.398698698698698450e+00,9.125681831125613819e-01
5.418618618618618044e+00,9.290267865467439767e-01
5.438538538538537637e+00,9.457737589568487868e-01
5.458458458458458118e+00,9.628040101344722546e-01
5.478378378378377711e+00,9.801123310658584886e-01
5.498298298298298192e+00,9.976933960532508028e-01
5.518218218218217785e+00,1.015541764881824127e+00
5.538138138138137379e+00,1.033651885031374729e+00
5.558058058058057860e+00,1.052018093931883280e+00
5.577977977977977453e+00,1.070634621262073205e+00
5.597897897897897046e+00,1.089495591290073229e+00
5.617817817817817527e+00,1.108595025255251443e+00
5.637737737737737120e+00,1.127926843790294953e+00
5.657657657657656713e+00,1.147484869382587869e+00
5.677577577577577195e+00,1.167262828873914415e+00
5.697497497497496788e+00,1.187254355997505506e+00
5.717417417417417269e+00,1.207452993951445563e+00
5.737337337337336862e+00,1.227852198007403306e+00
5.757257257257256455e+00,1.248445338153692186e+00
5.777177177177176937e+00,1.269225701771591996e+00
5.797097097097096530e+00,1.290186496343896927e+00
5.817017017017016123e+00,1.311320852194620912e+00
5.836936936936936604e+00,1.332621825258780035e+00
5.856856856856856197e+00,1.354082399881156418e+00
5.876776776776775790e+00,1.375695491642958235e+00
5.896696696696696272e+00,1.397453950215242546e+00
5.916616616616615865e+00,1.419350562237988944e+00
5.936536536536536346e+00,1.441378054223691585e+00
5.956456456456455939e+00,1.463529095484310982e+00
5.976376376376375532e+00,1.485796301080453796e+00
5.996296296296296013e+00,1.508172234791597566e+00
6.016216216216215606e+00,1.530649412106195761e+00
6.036136136136135200e+00,1.553220303230496535e+00
6.056056056056055681e+00,1.575877336114867688e+00
6.075975975975975274e+00,1.598612899496444806e+00
6.095895895895895755e+00,1.621419345956909952e+00
6.115815815815815348e+00,1.644288994994174136e+00
6.135735735735734941e+00,1.667214136106772937e+00
6.155655655655655423e+00,1.690187031889743174e+00
6.175575575575575016e+00,1.713199921140759141e+00
6.195495495495494609e+00,1.736245021975318492e+00
6.215415415415415090e+00,1.759314534949726117e+00
6.235335335335334683e+00,1.782400646190648530e+00
6.255255255255254276e+00,1.805495530530023540e+00
6.275175175175174758e+00,1.828591354644052425e+00
6.295095095095094351e+00,1.851680280195060924e+00
6.315015015015014832e+00,1.874754466974982492e+00
6.334934934934934425e+00,1.897806076049209034e+00
6.354854854854854018e+00,1.920827272899590987e+00
6.374774774774774500e+00,1.943810230565319097e+00
6.394694694694694093e+00,1.966747132780461538e+00
6.414614614614613686e+00,1.989630177106921138e+00
6.434534534534534167e+00,2.012451578061558166e+00
6.454454454454453760e+00,2.035203570236251203e+00
6.474374374374374241e+00,2.057878411409676644e+00
6.494294294294293834e+00,2.080468385649542729e+00
6.514214214214213428e+00,2.102965806404094362e+00
6.534134134134133909e+00,2.125363019581629320e+00
6.554054054054053502e+00,2.147652406616827214e+00
6.573973973973973095e+00,2.169826387522682865e+00
6.593893893893893576e+00,2.191877423926823276e+00
6.613813813813813169e+00,2.213798022091010953e+00
6.633733733733732763e+00,2.235580735912657602e+00
6.653653653653653244e+00,2.257218169907131866e+00
6.673573573573572837e+00,2.278702982169701574e+00
6.693493493493493318e+00,2.300027887315943431e+00
6.713413413413412911e+00,2.321185659399430445e+00
6.733333333333332504e+00,2.342169134805579311e+00
6.753253253253252986e+00,2.362971215120485358e+00
6.773173173173172579e+00,2.383584869973617071e+00
6.793093093093092172e+00,2.404003139853259530e+00
6.813013013013012653e+00,2.424219138893573877e+00
6.832932932932932246e+00,2.444226057632179483e+00
6.852852852852851839e+00,2.464017165737174331e+00
6.872772772772772321e+00,2.483585814702500727e+00
6.892692692692691914e+00,2.502925440510598953e+00
6.912612612612612395e+00,2.522029566261303035e+00
6.932532532532531988e+00,2.540891804765912809e+00
6.952452452452451581e+00,2.559505861105453750e+00
6.972372372372372062e+00,2.577865535152075616e+00
6.992292292292291656e+00,2.595964724052616024e+00
7.012212212212211249e+00,2.613797424673343084e+00
7.032132132132131730e+00,2.631357736004899195e+00
7.052052052052051323e+00,2.648639861526502770e+00
7.071971971971971804e+00,2.665638111528481957e+00
7.091891891891891397e+00,2.682346905392194003e+00
7.111811811811810990e+00,2.698760773826464732e+00
7.131731731731731472e+00,2.714874361059629315e+00
7.151651651651651065e+00,2.730682426986329236e+00
7.171571571571570658e+00,2.746179849268212347e+00
7.191491491491491139e+00,2.761361625387696694e+00
7.211411411411410732e+00,2.776222874653990758e+00
7.231331331331330325e+00,2.790758840160584509e+00
7.251251251251250807e+00,2.804964890693423918e+00
7.271171171171170400e+00,2.818836522589016624e+00
7.291091091091090881e+00,2.832369361541750230e+00
7.311011011011010474e+00,2.845559164359677151e+00
7.330930930930930067e+00,2.858401820668109661e+00
7.350850850850850549e+00,2.870893354560315469e+00
7.370770770770770142e+00,2.883029926194685899e+00
7.390690690690689735e+00,2.894807833337736724e+00
7.410610610610610216e+00,2.906223512852328383e+00
7.430530530530529809e+00,2.917273542130518038e+00
7.450450450450449402e+00,2.927954640470491920e+00
7.470370370370369884e+00,2.938263670397002869e+00
7.490290290290289477e+00,2.948197638924824560e+00
7.510210210210209958e+00,2.957753698764700623e+00
7.530130130130129551e+00,2.966929149471321026e+00
7.550050050050049144e+00,2.975721438532872298e+00
7.569969969969969625e+00,2.984128162401726847e+00
7.589889889889889218e+00,2.992147067465868560e+00
7.609809809809808812e+00,2.999776050960670126e+00
7.629729729729729293e+00,3.007013161820661029e+00
7.649649649649648886e+00,3.013856601470950025e+00
7.669569569569569367e+00,3.020304724557990816e+00
7.689489489489488960e+00,3.026356039619403582e+00
7.709409409409408553e+00,3.032009209692584584e+00
7.729329329329329035e+00,3.037263052861870261e+00
7.749249249249248628e+00,3.042116542744031982e+00
7.769169169169168221e+00,3.046568808911921611e+00
7.789089089089088702e+00,3.050619137256087576e+00
7.809009009009008295e+00,3.054266970284232663e+00
7.828928928928927888e+00,3.057511907358387848e+00
7.848848848848848370e+00,3.060353704869715585e+00
7.868768768768767963e+00,3.062792276350867038e+00
7.888688688688688444e+00,3.064827692525859515e+00
7.908608608608608037e+00,3.066460181297445686e+00
7.928528528528527630e+00,3.067690127671993672e+00
7.948448448448448111e+00,3.068518073621893993e+00
7.968368368368367705e+00,3.068944717885564000e+00
7.988288288288287298e+00,3.068970915705121705e+00
8.008208208208207779e+00,3.068597678501834736e+00
8.028128128128127372e+00,3.067826173489480279e+00
8.048048048048048742e+00,3.066657723225764354e+00
8.067967967967968335e+00,3.065093805101985147e+00
8.087887887887887928e+00,3.063136050771140262e+00
8.107807807807807521e+00,3.060786245514704795e+00
8.127727727727727114e+00,3.058046327548341381e+00
8.147647647647646707e+00,3.054918387266808644e+00
8.167567567567566300e+00,3.051404666428375378e+00
8.187487487487487670e+00,3.047507557279061086e+00
8.207407407407407263e+00,3.043229601617056801e+00
8.227327327327326856e+00,3.038573489797692595e+00
8.247247247247246449e+00,3.033542059679353198e+00
8.267167167167166042e+00,3.028138295510757416e+00
8.287087087087085635e+00,3.022365326760045434e+00
8.307007007007007005e+00,3.016226426886139844e+00
8.326926926926926598e+00,3.009725012052870241e+00
8.346846846846846191e+00,3.002864639786367640e+00
8.366766766766765784e+00,2.995649007576269618e+00
8.386686686686685377e+00,2.988081951421286409e+00
8.406606606606606746e+00,2.980167444319711922e+00
8.426526526526526339e+00,2.971909594705474333e+00
8.446446446446445933e+00,2.963312644830347509e+00
8.466366366366365526e+00,2.954380969092969877e+00
8.486286286286285119e+00,2.945119072315339537e+00
8.506206206206204712e+00,2.935531587967454836e+00
8.526126126126126081e+00,2.925623276340818979e+00
8.546046046046045674e+00,2.915399022671537388e+00
8.565965965965965268e+00,2.904863835213733481e+00
8.585885885885884861e+00,2.894022843264073330e+00
8.605805805805804454e+00,2.882881295138168376e+00
8.625725725725725823e+00,2.871444556099662648e+00
8.645645645645645416e+00,2.859718106242829627e+00
8.665565565565565009e+00,2.847707538329519839e+00
8.685485485485484602e+00,2.835418555581313615e+00
8.705405405405404196e+00,2.822856969427764096e+00
8.725325325325323789e+00,2.810028697211617299e+00
8.745245245245245158e+00,2.796939759851921892e+00
8.765165165165164751e+00,2.783596279465966994e+00
8.785085085085084344e+00,2.770004476950969963e+00
8.805005005005003937e+00,2.756170669526499584e+00
8.824924924924923531e+00,2.742101268238596568e+00
8.844844844844844900e+00,2.727802775426581672e+00
8.864764764764764493e+00,2.713281782153571520e+00
8.884684684684684086e+00,2.698544965601694212e+00
8.904604604604603679e+00,2.683599086433074543e+00
8.924524524524523272e+00,2.668450986117608892e+00
8.944444444444444642e+00,2.653107584228604932e+00
8.964364364364364235e+00,2.637575875707357298e+00
8.984284284284283828e+00,2.621862928097736578e+00
9.004204204204203421e+00,2.605975878751904951e+00
9.024124124124123014e+00,2.589921932008257599e+00
9.044044044044042607e+00,2.573708356342712111e+00
9.063963963963963977e+00,2.557342481494478292e+00
9.083883883883883570e+00,2.540831695567451476e+00
9.103803803803803163e+00,2.524183442108370201e+00
9.123723723723722756e+00,2.507405217162910649e+00
9.143643643643642349e+00,2.490504566310887125e+00
9.163563563563563719e+00,2.473489081681715440e+00
9.183483483483483312e+00,2.456366398951359553e+00
9.203403403403402905e+00,2.439144194321908099e+00
9.223323323323322498e+00,2.421830181485026046e+00
9.243243243243242091e+00,2.404432108570454751e+00
9.263163163163161684e+00,2.386957755080785670e+00
9.283083083083083054e+00,2.369414928813718735e+00
9.303003003003002647e+00,2.351811462773039541e+00
9.322922922922922240e+00,2.334155212069518370e+00
9.342842842842841833e+00,2.316454050812982945e+00
9.362762762762761426e+00,2.298715868996793699e+00
9.382682682682682795e+00,2.280948569375948587e+00
9.402602602602602389e+00,2.263160064340072442e+00
9.422522522522521982e+00,2.245358272782509879e+00
9.442442442442441575e+00,2.227551116966794087e+00
9.462362362362361168e+00,2.209746519391707409e+00
9.482282282282280761e+00,2.191952399656198036e+00
9.502202202202202130e+00,2.174176671325382948e+00
9.522122122122121723e+00,2.156427238798897861e+00
9.542042042042041317e+00,2.138711994182812326e+00
9.561961961961960910e+00,2.121038814166381403e+00
9.581881881881880503e+00,2.103415556904849382e+00
9.601801801801801872e+00,2.085850058909555216e+00
9.621721721721721465e+00,2.068350131946579129e+00
9.641641641641641058e+00,2.050923559945135199e+00
9.661561561561560652e+00,2.033578095916973361e+00
9.681481481481480245e+00,2.016321458887989859e+00
9.701401401401399838e+00,1.999161330843267637e+00
9.721321321321321207e+00,1.982105353686764548e+00
9.741241241241240800e+00,1.965161126216857124e+00
9.761161161161160393e+00,1.948336201118927136e+00
9.781081081081079986e+00,1.931638081976202459e+00
9.801001001000999580e+00,1.915074220300030161e+00
9.820920920920920949e+00,1.898652012580757553e+00
9.840840840840840542e+00,1.882378797360401812e+00
9.860760760760760135e+00,1.866261852328254589e+00
9.880680680680679728e+00,1.850308391440590672e+00
9.900600600600599321e+00,1.834525562065616455e+00
9.920520520520520691e+00,1.818920442154788430e+00
9.940440440440440284e+00,1.803500037441637005e+00
9.960360360360359877e+00,1.788271278669182118e+00
9.980280280280279470e+00,1.773241018847076411e+00
1.000020020020019906e+01,1.758416030539533104e+00
1.002012012012011866e+01,1.743803003185135481e+00
1.004004004004004003e+01,1.729408540449577814e+00
1.005995995995995962e+01,1.715239157612405307e+00
1.007987987987987921e+01,1.701301278988766708e+00
1.009979979979979881e+01,1.687601235387226728e+00
1.011971971971971840e+01,1.674145261604633950e+00
1.013963963963963977e+01,1.660939493959039837e+00
1.015955955955955936e+01,1.647989967861658300e+00
1.017947947947947895e+01,1.635302615428805728e+00
1.019939939939939855e+01,1.622883263134800469e+00
1.021931931931931814e+01,1.610737629506730162e+00
1.023923923923923773e+01,1.598871322862011723e+00
1.025915915915915910e+01,1.587289839089638832e+00
1.027907907907907870e+01,1.575998559476004868e+00
1.029899899899899829e+01,1.565002748576145741e+00
1.031891891891891788e+01,1.554307552131273695e+00
1.033883883883883748e+01,1.543917995033409873e+00
1.035875875875875884e+01,1.533838979337924346e+00
1.037867867867867844e+01,1.524075282324788727e+00
1.039859859859859803e+01,1.514631554609287001e+00
1.041851851851851762e+01,1.505512318302953956e+00
1.043843843843843722e+01,1.496721965225464857e+00
1.045835835835835681e+01,1.488264755168182241e+00
1.047827827827827818e+01,1.480144814210053283e+00
1.049819819819819777e+01,1.472366133086528972e+00
1.051811811811811737e+01,1.464932565612144577e+00
1.053803803803803696e+01,1.457847827157394249e+00
1.055795795795795655e+01,1.451115493180503258e+00
1.057787787787787792e+01,1.444738997814678294e+00
1.059779779779779751e+01,1.438721632511400284e+00
1.061771771771771711e+01,1.433066544740291937e+00
1.063763763763763670e+01,1.427776736746086961e+00
1.065755755755755629e+01,1.422855064363183430e+00
1.067747747747747589e+01,1.418304235888256049e+00
1.069739739739739726e+01,1.414126811011381157e+00
1.071731731731731685e+01,1.410325199806086172e+00
1.073723723723723644e+01,1.406901661778735324e+00
1.075715715715715604e+01,1.403858304977625870e+00
1.077707707707707563e+01,1.401197085162145139e+00
1.079699699699699700e+01,1.398919805032323715e+00
1.081691691691691659e+01,1.397028113519088510e+00
1.083683683683683618e+01,1.395523505135492393e+00
1.085675675675675578e+01,1.394407319389192601e+00
1.087667667667667537e+01,1.393680740256389772e+00
1.089659659659659674e+01,1.393344795717458950e+00
1.091651651651651633e+01,1.393400357354440011e+00
1.093643643643643593e+01,1.393848140010557568e+00
1.095635635635635552e+01,1.394688701511901385e+00
1.097627627627627511e+01,1.395922442451374756e+00
1.099619619619619471e+01,1.397549606035010328e+00
1.101611611611611607e+01,1.399570277990695555e+00
1.103603603603603567e+01,1.401984386539356642e+00
1.105595595595595526e+01,1.404791702428615174e+00
1.107587587587587485e+01,1.407991839028889469e+00
1.109579579579579445e+01,1.411584252491920433e+00
1.111571571571571582e+01,1.415568241971648655e+00
1.113563563563563541e+01,1.419942949907352814e+00
1.115555555555555500e+01,1.424707362368949903e+00
1.117547547547547460e+01,1.429860309464308532e+00
1.119539539539539419e+01,1.435400465808418069e+00
1.121531531531531378e+01,1.441326351054227128e+00
1.123523523523523515e+01,1.447636330484946221e+00
1.125515515515515474e+01,1.454328615667566993e+00
1.127507507507507434e+01,1.461401265167356911e+00
1.129499499499499393e+01,1.468852185323026971e+00
1.131491491491491352e+01,1.476679131082280882e+00
1.133483483483483489e+01,1.484879706897405338e+00
1.135475475475475449e+01,1.493451367680544983e+00
1.137467467467467408e+01,1.502391419818298157e+00
1.139459459459459367e+01,1.511697022245205968e+00
1.141451451451451327e+01,1.521365187575733913e+00
1.143443443443443286e+01,1.531392783294277304e+00
1.145435435435435423e+01,1.541776533002736649e+00
1.147427427427427382e+01,1.552513017725147382e+00
1.149419419419419341e+01,1.563598677268868586e+00
1.151411411411411301e+01,1.575029811641775357e+00
1.153403403403403260e+01,1.586802582524892813e+00
1.155395395395395397e+01,1.598913014799902665e+00
1.157387387387387356e+01,1.611356998130893281e+00
1.159379379379379316e+01,1.624130288599749505e+00
1.161371371371371275e+01,1.637228510394517000e+00
1.163363363363363234e+01,1.650647157550076516e+00
1.165355355355355194e+01,1.664381595740438202e+00
1.167347347347347331e+01,1.678427064121948975e+00
1.169339339339339290e+01,1.692778677226664863e+00
1.171331331331331249e+01,1.707431426905169358e+00
1.173323323323323208e+01,1.722380184318028640e+00
1.175315315315315168e+01,1.737619701975124054e+00
1.177307307307307305e+01,1.753144615822036734e+00
1.179299299299299264e+01,1.768949447372656802e+00
1.181291291291291223e+01,1.785028605887188702e+00
1.183283283283283183e+01,1.801376390594661814e+00
1.185275275275275142e+01,1.817986992959085502e+00
1.187267267267267279e+01,1.834854498988338189e+00
1.189259259259259238e+01,1.851972891584880099e+00
1.191251251251251198e+01,1.869336052937359050e+00
1.193243243243243157e+01,1.886937766952152096e+00
1.195235235235235116e+01,1.904771721723884648e+00
1.197227227227227075e+01,1.922831512043945867e+00
1.199219219219219212e+01,1.941110641946005799e+00
1.201211211211211172e+01,1.959602527287517271e+00
1.203203203203203131e+01,1.978300498366196924e+00
1.205195195195195090e+01,1.997197802570423120e+00
1.207187187187187050e+01,2.016287607062515974e+00
1.209179179179179187e+01,2.035563001493828850e+00
1.211171171171171146e+01,2.055017000750571476e+00
1.213163163163163105e+01,2.074642547729292463e+00
1.215155155155155065e+01,2.094432516140888545e+00
1.217147147147147024e+01,2.114379713342060985e+00
1.219139139139138983e+01,2.134476883193068719e+00
1.221131131131131120e+01,2.154716708940671133e+00
1.223123123123123079e+01,2.175091816125081401e+00
1.225115115115115039e+01,2.195594775509827290e+00
1.227107107107106998e+01,2.216218106033297275e+00
1.229099099099098957e+01,2.236954277780852873e+00
1.231091091091091094e+01,2.257795714976297052e+00
1.233083083083083054e+01,2.278734798991516541e+00
1.235075075075075013e+01,2.299763871373128321e+00
1.237067067067066972e+01,2.320875236884885506e+00
1.239059059059058931e+01,2.342061166564677777e+00
1.241051051051050891e+01,2.363313900794885125e+00
1.243043043043043028e+01,2.384625652384886774e+00
1.245035035035034987e+01,2.405988609664477362e+00
1.247027027027026946e+01,2.427394939587001144e+00
1.249019019019018906e+01,2.448836790840930977e+00
1.251011011011010865e+01,2.470306296968684201e+00
1.253003003003003002e+01,2.491795579491432377e+00
1.254994994994994961e+01,2.513296751038657906e+00
1.256986986986986921e+01,2.534801918481230931e+00
1.258978978978978880e+01,2.556303186066745781e+00
1.260970970970970839e+01,2.577792658555884131e+00
1.262962962962962798e+01,2.599262444358556134e+00
1.264954954954954935e+01,2.620704658668582709e+00
1.266946946946946895e+01,2.642111426595654677e+00
1.268938938938938854e+01,2.663474886293364818e+00
1.270930930930930813e+01,2.684787192082023211e+00
1.272922922922922773e+01,2.706040517565058146e+00
1.274914914914914910e+01,2.727227058737740073e+00
1.276906906906906869e+01,2.748339037087005554e+00
1.278898898898898828e+01,2.769368702681159089e+00
1.280890890890890788e+01,2.790308337248208481e+00
1.282882882882882747e+01,2.811150257241624484e+00
1.284874874874874884e+01,2.831886816892308367e+00
1.286866866866866843e+01,2.852510411245548827e+00
1.288858858858858802e+01,2.873013479181779406e+00
1.290850850850850762e+01,2.893388506419914297e+00
1.292842842842842721e+01,2.913628028502093237e+00
1.294834834834834680e+01,2.933724633758635569e+00
1.296826826826826817e+01,2.953670966252039509e+00
1.298818818818818777e+01,2.973459728698841342e+00
1.300810810810810736e+01,2.993083685368205238e+00
1.302802802802802695e+01,3.012535664956054848e+00
1.304794794794794655e+01,3.031808563433637804e+00
1.306786786786786791e+01,3.050895346869381353e+00
1.308778778778778751e+01,3.069789054222908042e+00
1.310770770770770710e+01,3.088482800110132764e+00
1.312762762762762669e+01,3.106969777538312272e+00
1.314754754754754629e+01,3.125243260609978702e+00
1.316746746746746588e+01,3.143296607194682402e+00
1.318738738738738725e+01,3.161123261567483134e+00
1.320730730730730684e+01,3.178716757013138494e+00
1.322722722722722644e+01,3.196070718394966814e+00
1.324714714714714603e+01,3.213178864687353808e+00
1.326706706706706562e+01,3.230035011470903772e+00
1.328698698698698699e+01,3.246633073389248558e+00
1.330690690690690658e+01,3.262967066566525354e+00
1.332682682682682618e+01,3.279031110984590214e+00
1.334674674674674577e+01,3.294819432818997029e+00
1.336666666666666536e+01,3.310326366732827985e+00
1.338658658658658496e+01,3.325546358127467794e+00
1.340650650650650633e+01,3.340473965349424645e+00
1.342642642642642592e+01,3.355103861852311908e+00
1.344634634634634551e+01,3.369430838313164589e+00
1.346626626626626511e+01,3.383449804702211239e+00
1.348618618618618470e+01,3.397155792305305066e+00
1.350610610610610607e+01,3.410543955698207341e+00
1.352602602602602566e+01,3.423609574671930833e+00
1.354594594594594525e+01,3.436348056108401217e+00
1.356586586586586485e+01,3.448754935805659727e+00
1.358578578578578444e+01,3.460825880251913844e+00
1.360570570570570403e+01,3.472556688347711251e+00
1.362562562562562540e+01,3.483943293075568715e+00
1.364554554554554500e+01,3.494981763116375539e+00
1.366546546546546459e+01,3.505668304411954317e+00
1.368538538538538418e+01,3.515999261673138587e+00
1.370530530530530378e+01,3.525971119832775447e+00
1.372522522522522515e+01,3.535580505443079335e+00
1.374514514514514474e+01,3.544824188016781008e+00
1.376506506506506433e+01,3.553699081311541441e+00
1.378498498498498392e+01,3.562202244557113318e+00
1.380490490490490352e+01,3.570330883624777130e+00
1.382482482482482311e+01,3.578082352138570954e+00
1.384474474474474448e+01,3.585454152527888905e+00
1.386466466466466407e+01,3.592443937021019273e+00
1.388458458458458367e+01,3.599049508579237777e+00
1.390450450450450326e+01,3.605268821771072663e+00
1.392442442442442285e+01,3.611099983586409934e+00
1.394434434434434422e+01,3.616541254190102528e+00
1.396426426426426382e+01,3.621591047614793446e+00
1.398418418418418341e+01,3.626247932392673512e+00
1.400410410410410300e+01,3.630510632125924619e+00
1.402402402402402259e+01,3.634378025995620209e+00
1.404394394394394396e+01,3.637849149208886690e+00
1.406386386386386356e+01,3.640923193384138834e+00
1.408378378378378315e+01,3.643599506874248828e+00
1.410370370370370274e+01,3.645877595027507301e+00
1.412362362362362234e+01,3.647757120386285301e+00
1.414354354354354193e+01,3.649237902823308399e+00
1.416346346346346330e+01,3.650319919615495401e+00
1.418338338338338289e+01,3.651003305455330583e+00
1.420330330330330249e+01,3.651288352399761905e+00
1.422322322322322208e+01,3.651175509756655391e+00
1.424314314314314167e+01,3.650665383908831885e+00
1.426306306306306304e+01,3.649758738075779441e+00
1.428298298298298263e+01,3.648456492013118613e+00
1.430290290290290223e+01,3.646759721649946329e+00
1.432282282282282182e+01,3.644669658664203116e+00
1.434274274274274141e+01,3.642187689996228439e+00
1.436266266266266101e+01,3.639315357300703102e+00
1.438258258258258238e+01,3.636054356337189652e+00
1.440250250250250197e+01,3.632406536299516819e+00
1.442242242242242156e+01,3.628373899084273990e+00
1.444234234234234115e+01,3.623958598498703054e+00
1.446226226226226075e+01,3.619162939408308244e+00
1.448218218218218212e+01,3.613989376824509492e+00
1.450210210210210171e+01,3.608440514932723886e+00
1.452202202202202130e+01,3.602519106061230048e+00
1.454194194194194090e+01,3.596228049591256859e+00
1.456186186186186049e+01,3.589570390808703326e+00
1.458178178178178008e+01,3.582549319697960311e+00
1.460170170170170145e+01,3.575168169678307972e+00
1.462162162162162105e+01,3.567430416283391192e+00
1.464154154154154064e+01,3.559339675784290336e+00
1.466146146146146023e+01,3.550899703756750458e+00
1.468138138138137982e+01,3.542114393593116084e+00
1.470130130130130119e+01,3.532987774959578609e+00
1.472122122122122079e+01,3.523524012199346522e+00
1.474114114114114038e+01,3.513727402682356171e+00
1.476106106106105997e+01,3.503602375102200739e+00
1.478098098098097957e+01,3.493153487720940475e+00
1.480090090090089916e+01,3.482385426562490061e+00
1.482082082082082053e+01,3.471303003555303412e+00
1.484074074074074012e+01,3.459911154625096241e+00
1.486066066066065972e+01,3.448214937738351082e+00
1.488058058058057931e+01,3.436219530897398400e+00
1.490050050050049890e+01,3.423930230087853133e+00
1.492042042042042027e+01,3.411352447179233138e+00
1.494034034034033986e+01,3.398491707779586424e+00
1.496026026026025946e+01,3.385353649044974489e+00
1.498018018018017905e+01,3.371944017444696406e+00
1.500010010010009864e+01,3.358268666483120946e+00
1.502002002002002001e+01,3.344333554379044227e+00
1.503993993993993961e+01,3.330144741703493505e+00
1.505985985985985920e+01,3.315708388976899901e+00
1.507977977977977879e+01,3.301030754226614405e+00
1.509969969969969839e+01,3.286118190505722403e+00
1.511961961961961798e+01,3.270977143374142138e+00
1.513953953953953935e+01,3.255614148343014769e+00
1.515945945945945894e+01,3.240035828283394537e+00
1.517937937937937853e+01,3.224248890800258671e+00
1.519929929929929813e+01,3.208260125572900190e+00
1.521921921921921772e+01,3.192076401662739649e+00
1.523913913913913909e+01,3.175704664789629650e+00
1.525905905905905868e+01,3.159151934577746346e+00
1.527897897897897828e+01,3.142425301772127977e+00
1.529889889889889787e+01,3.125531925427007085e+00
1.531881881881881746e+01,3.108479030067016424e+00
1.533873873873873706e+01,3.091273902822416098e+00
1.535865865865865842e+01,3.073923890539470793e+00
1.537857857857857802e+01,3.056436396867126870e+00
1.539849849849849761e+01,3.038818879321134148e+00
1.541841841841841720e+01,3.021078846326800349e+00
1.543833833833833680e+01,3.003223854241525714e+00
1.545825825825825817e+01,2.985261504358319495e+00
1.547817817817817776e+01,2.967199439891479162e+00
1.549809809809809735e+01,2.949045342945617154e+00
1.551801801801801695e+01,2.930806931469267074e+00
1.553793793793793654e+01,2.912491956194244391e+00
1.555785785785785613e+01,2.894108197562002438e+00
1.557777777777777750e+01,2.875663462638184509e+00
1.559769769769769709e+01,2.857165582016620409e+00
1.561761761761761669e+01,2.838622406713953161e+00
1.563753753753753628e+01,2.820041805056185069e+00
1.565745745745745587e+01,2.801431659558327070e+00
1.567737737737737724e+01,2.782799863798421036e+00
1.569729729729729684e+01,2.764154319287169592e+00
1.571721721721721643e+01,2.745502932334396018e+00
1.573713713713713602e+01,2.726853610913608783e+00
1.575705705705705562e+01,2.708214261525893285e+00
1.577697697697697521e+01,2.689592786064379570e+00
1.579689689689689658e+01,2.670997078680533043e+00
1.581681681681681617e+01,2.652435022653516494e+00
1.583673673673673576e+01,2.633914487263846471e+00
1.585665665665665536e+01,2.615443324672609204e+00
1.587657657657657495e+01,2.597029366807459105e+00
1.589649649649649632e+01,2.578680422256636184e+00
1.591641641641641591e+01,2.560404273172249390e+00
1.593633633633633551e+01,2.542208672184022245e+00
1.595625625625625510e+01,2.524101339324767324e+00
1.597617617617617469e+01,2.506089958968777065e+00
1.599609609609609606e+01,2.488182176784359267e+00
1.601601601601601743e+01,2.470385596701730968e+00
1.603593593593593525e+01,2.452707777897457753e+00
1.605585585585585662e+01,2.435156231796640203e+00
1.607577577577577443e+01,2.417738419094070057e+00
1.609569569569569580e+01,2.400461746795466755e+00
1.611561561561561717e+01,2.383333565280053801e+00
1.613553553553553499e+01,2.366361165385569620e+00
1.615545545545545636e+01,2.349551775516897756e+00
1.617537537537537773e+01,2.332912558779488332e+00
1.619529529529529555e+01,2.316450610138661936e+00
1.621521521521521692e+01,2.300172953605940318e+00
1.623513513513513473e+01,2.284086539453554998e+00
1.625505505505505610e+01,2.268198241458168507e+00
1.627497497497497747e+01,2.252514854174980652e+00
1.629489489489489529e+01,2.237043090243241217e+00
1.631481481481481666e+01,2.221789577724252673e+00
1.633473473473473447e+01,2.206760857472961135e+00
1.635465465465465584e+01,2.191963380544101447e+00
1.637457457457457366e+01,2.177403505634007530e+00
1.639449449449449503e+01,2.163087496559028100e+00
1.641441441441441640e+01,2.149021519771618038e+00
1.643433433433433422e+01,2.135211641915033542e+00
1.645425425425425559e+01,2.121663827417624937e+00
1.647417417417417340e+01,2.108383936127708580e+00
1.649409409409409477e+01,2.095377720989887393e+00
1.651401401401401614e+01,2.082650825763827651e+00
1.653393393393393396e+01,2.070208782786323809e+00
1.655385385385385533e+01,2.058057010777572415e+00
1.657377377377377314e+01,2.046200812692545057e+00
1.659369369369369451e+01,2.034645373618257480e+00
1.661361361361361588e+01,2.023395758717832837e+00
1.663353353353353370e+01,2.012456911222125999e+00
1.665345345345345507e+01,2.001833650469720283e+00
1.667337337337337289e+01,1.991530669996102620e+00
1.669329329329329425e+01,1.981552535672716164e+00
1.671321321321321562e+01,1.971903683896700121e+00
1.673313313313313344e+01,1.962588419831968745e+00
1.675305305305305481e+01,1.953610915702369111e+00
1.677297297297297263e+01,1.944975209137591587e+00
1.679289289289289400e+01,1.936685201572459603e+00
1.681281281281281537e+01,1.928744656700278837e+00
1.683273273273273318e+01,1.921157198980819825e+00
1.685265265265265455e+01,1.913926312203543256e+00
1.687257257257257237e+01,1.907055338106646847e+00
1.689249249249249374e+01,1.900547475052458912e+00
1.691241241241241156e+01,1.894405776759730209e+00
1.693233233233233292e+01,1.888633151093298324e+00
1.695225225225225429e+01,1.883232358911638205e+00
1.697217217217217211e+01,1.878206012972724714e+00
1.699209209209209348e+01,1.873556576898658399e+00
1.701201201201201130e+01,1.869286364199469030e+00
1.703193193193193267e+01,1.865397537356466184e+00
1.705185185185185404e+01,1.861892106965519877e+00
1.707177177177177185e+01,1.858771930940603223e+00
1.709169169169169322e+01,1.856038713777904636e+00
1.711161161161161104e+01,1.853694005880820006e+00
1.713153153153153241e+01,1.851739202946076635e+00
1.715145145145145378e+01,1.850175545411239852e+00
1.717137137137137159e+01,1.849004117963823024e+00
1.719129129129129296e+01,1.848225849112185903e+00
1.721121121121121078e+01,1.847841510818408750e+00
1.723113113113113215e+01,1.847851718193268100e+00
1.725105105105105352e+01,1.848256929253451641e+00
1.727097097097097134e+01,1.849057444741100120e+00
1.729089089089089271e+01,1.850253408005746891e+00
1.731081081081081052e+01,1.851844804948708401e+00
1.733073073073073189e+01,1.853831464029943588e+00
1.735065065065064971e+01,1.856213056337377321e+00
1.737057057057057108e+01,1.858989095718666551e+00
1.739049049049049245e+01,1.862158938975350564e+00
1.741041041041041026e+01,1.865721786119312497e+00
1.743033033033033163e+01,1.869676680691450432e+00
1.745025025025024945e+01,1.874022510142424602e+00
1.747017017017017082e+01,1.878758006275345949e+00
1.749009009009009219e+01,1.883881745750206171e+00
1.751001001001001001e+01,1.889392150649874313e+00
1.752992992992993138e+01,1.895287489107418288e+00
1.754984984984984919e+01,1.901565875994506882e+00
1.756976976976977056e+01,1.908225273670626887e+00
1.758968968968969193e+01,1.915263492792798505e+00
1.760960960960960975e+01,1.922678193185495044e+00
1.762952952952953112e+01,1.930466884770401403e+00
1.764944944944944893e+01,1.938626928555640339e+00
1.766936936936937030e+01,1.947155537684098991e+00
1.768928928928929167e+01,1.956049778540404738e+00
1.770920920920920949e+01,1.965306571916140665e+00
1.772912912912913086e+01,1.974922694232828846e+00
1.774904904904904868e+01,1.984894778822177575e+00
1.776896896896897005e+01,1.995219317263125625e+00
1.778888888888889142e+01,2.005892660775105529e+00
1.780880880880880923e+01,2.016911021667007198e+00
1.782872872872873060e+01,2.028270474841265880e+00
1.784864864864864842e+01,2.039966959352437659e+00
1.786856856856856979e+01,2.051996280019713126e+00
1.788848848848848760e+01,2.064354109092650713e+00
1.790840840840840897e+01,2.077035987969547470e+00
1.792832832832833034e+01,2.090037328967689678e+00
1.794824824824824816e+01,2.103353417144842474e+00
1.796816816816816953e+01,2.116979412171229757e+00
1.798808808808808735e+01,2.130910350251240093e+00
1.800800800800800872e+01,2.145141146094155182e+00
1.802792792792793009e+01,2.159666594933042028e+00
1.804784784784784790e+01,2.174481374591080041e+00
1.806776776776776927e+01,2.189580047594466450e+00
1.808768768768768709e+01,2.204957063331039357e+00
1.810760760760760846e+01,2.220606760253835965e+00
1.812752752752752983e+01,2.236523368128616518e+00
1.814744744744744764e+01,2.252701010324542175e+00
1.816736736736736901e+01,2.269133706147067109e+00
1.818728728728728683e+01,2.285815373212085611e+00
1.820720720720720820e+01,2.302739829860475318e+00
1.822712712712712957e+01,2.319900797611975207e+00
1.824704704704704739e+01,2.337291903657514158e+00
1.826696696696696876e+01,2.354906683388964694e+00
1.828688688688688657e+01,2.372738582965280951e+00
1.830680680680680794e+01,2.390780961914094505e+00
1.832672672672672576e+01,2.409027095767625415e+00
1.834664664664664713e+01,2.427470178731970130e+00
1.836656656656656850e+01,2.446103326388609389e+00
1.838648648648648631e+01,2.464919578427138713e+00
1.840640640640640768e+01,2.483911901408113021e+00
1.842632632632632550e+01,2.503073191554867183e+00
1.844624624624624687e+01,2.522396277573295098e+00
1.846616616616616824e+01,2.541873923498363830e+00
1.848608608608608606e+01,2.561498831566320078e+00
1.850600600600600742e+01,2.581263645111413041e+00
1.852592592592592524e+01,2.601160951485952388e+00
1.854584584584584661e+01,2.621183285002626207e+00
1.856576576576576798e+01,2.641323129897811928e+00
1.858568568568568580e+01,2.661572923314783790e+00
1.860560560560560717e+01,2.681925058305609344e+00
1.862552552552552498e+01,2.702371886850496896e+00
1.864544544544544635e+01,2.722905722893491642e+00
1.866536536536536772e+01,2.743518845393208228e+00
1.868528528528528554e+01,2.764203501387477946e+00
1.870520520520520691e+01,2.784951909070653375e+00
1.872512512512512473e+01,2.805756260882328768e+00
1.874504504504504609e+01,2.826608726606319344e+00
1.876496496496496746e+01,2.847501456478580550e+00
1.878488488488488528e+01,2.868426584302913085e+00
1.880480480480480665e+01,2.889376230573186266e+00
1.882472472472472447e+01,2.910342505600801655e+00
1.884464464464464584e+01,2.931317512646249845e+00
1.886456456456456365e+01,2.952293351053403292e+00
1.888448448448448502e+01,2.973262119385418512e+00
1.890440440440440639e+01,2.994215918560888312e+00
1.892432432432432421e+01,3.015146854989094738e+00
1.894424424424424558e+01,3.036047043703081094e+00
1.896416416416416340e+01,3.056908611489259631e+00
1.898408408408408476e+01,3.077723700012410468e+00
1.900400400400400613e+01,3.098484468934715075e+00
1.902392392392392395e+01,3.119183099027686534e+00
1.904384384384384532e+01,3.139811795275718520e+00
1.906376376376376314e+01,3.160362789969986430e+00
1.908368368368368451e+01,3.180828345791567369e+00
1.910360360360360588e+01,3.201200758882441377e+00
1.912352352352352369e+01,3.221472361903252590e+00
1.914344344344344506e+01,3.241635527076573542e+00
1.916336336336336288e+01,3.261682669214434505e+00
1.918328328328328425e+01,3.281606248729005859e+00
1.920320320320320562e+01,3.301398774625126986e+00
1.922312312312312343e+01,3.321052807473588331e+00
1.924304304304304480e+01,3.340560962363952946e+00
1.926296296296296262e+01,3.359915911835700264e+00
1.928288288288288399e+01,3.379110388786630725e+00
1.930280280280280181e+01,3.398137189357258059e+00
1.932272272272272318e+01,3.416989175790162925e+00
1.934264264264264455e+01,3.435659279263060473e+00
1.936256256256256236e+01,3.454140502694549308e+00
1.938248248248248373e+01,3.472425923521389901e+00
1.940240240240240155e+01,3.490508696446176451e+00
1.942232232232232292e+01,3.508382056154403905e+00
1.944224224224224429e+01,3.526039319999739963e+00
1.946216216216216210e+01,3.543473890656526848e+00
1.948208208208208347e+01,3.560679258738428388e+00
1.950200200200200129e+01,3.577649005382145919e+00
1.952192192192192266e+01,3.594376804795259783e+00
1.954184184184184403e+01,3.610856426767096394e+00
1.956176176176176185e+01,3.627081739141691408e+00
1.958168168168168322e+01,3.643046710251847120e+00
1.960160160160160103e+01,3.658745411313282681e+00
1.962152152152152240e+01,3.674172018778003146e+00
1.964144144144144377e+01,3.689320816645865975e+00
1.966136136136136159e+01,3.704186198733499857e+00
1.968128128128128296e+01,3.718762670899643741e+00
1.970120120120120077e+01,3.733044853226003656e+00
1.972112112112112214e+01,3.747027482152819555e+00
1.974104104104104351e+01,3.760705412568224215e+00
1.976096096096096133e+01,3.774073619850622840e+00
1.978088088088088270e+01,3.787127201863264236e+00
1.980080080080080052e+01,3.799861380900180663e+00
1.982072072072072189e+01,3.812271505582790709e+00
1.984064064064063970e+01,3.824353052706335188e+00
1.986056056056056107e+01,3.836101629035489680e+00
1.988048048048048244e+01,3.847512973048369478e+00
1.990040040040040026e+01,3.858582956628294980e+00
1.992032032032032163e+01,3.869307586702613655e+00
1.994024024024023944e+01,3.879683006827919556e+00
1.996016016016016081e+01,3.889705498721089061e+00
1.998008008008008218e+01,3.899371483735458721e+00
2.000000000000000000e+01,3.908677524281618521e+00
