# ['polynomial', 'log'][1.0, -2.0, 3.0, 1.0] [1.0, 0.0]
1.000000000000000021e-03,-6.251686390618791833e+00
1.100900900900900897e-02,-3.492364108540268575e+00
2.101801801801802053e-02,-2.767152819956538501e+00
3.102702702702703208e-02,-2.531785770202965136e+00
4.103603603603604016e-02,-2.178270000009642438e+00
5.104504504504504825e-02,-2.034284054640637773e+00
6.105405405405406327e-02,-1.857124194124228689e+00
7.106306306306306442e-02,-1.792615627981419379e+00
8.107207207207207944e-02,-1.477668287492995836e+00
9.108108108108109446e-02,-1.562244547088022628e+00
1.010900900900900956e-01,-1.391349249389856046e+00
1.110990990990991106e-01,-1.326802758150716466e+00
1.211081081081081257e-01,-1.238640828542396211e+00
1.311171171171171268e-01,-1.163116806497837885e+00
1.411261261261261279e-01,-1.118074243474619145e+00
1.511351351351351568e-01,-1.025200022081691031e+00
1.611441441441441580e-01,-9.662349258024069965e-01
1.711531531531531591e-01,-1.057940285160794192e+00
1.811621621621621880e-01,-9.774233283376444481e-01
1.911711711711711892e-01,-9.242210369160908101e-01
2.011801801801801903e-01,-8.385382181398791657e-01
2.111891891891892192e-01,-8.704808409518663970e-01
2.211981981981982204e-01,-7.926163737723871394e-01
2.312072072072072215e-01,-7.953329777581932269e-01
2.412162162162162504e-01,-6.965757142674363633e-01
2.512252252252252238e-01,-6.366066453035083006e-01
2.612342342342342527e-01,-6.280556773249018621e-01
2.712432432432432816e-01,-5.847439739521843594e-01
2.812522522522522550e-01,-5.616706238535426055e-01
2.912612612612612839e-01,-5.331676026355157694e-01
3.012702702702703128e-01,-5.062084693906913069e-01
3.112792792792792862e-01,-5.195428923857291492e-01
3.212882882882883151e-01,-4.203863556054018291e-01
3.312972972972973440e-01,-4.105920631388919606e-01
3.413063063063063174e-01,-3.826558207904344200e-01
3.513153153153153463e-01,-3.246978447621978736e-01
3.613243243243243752e-01,-3.156001425582552478e-01
3.713333333333333486e-01,-2.810454889739483764e-01
3.813423423423423775e-01,-2.318569787509909275e-01
3.913513513513514064e-01,-2.038138877195282139e-01
4.013603603603603798e-01,-1.729458797870424835e-01
4.113693693693694087e-01,-1.325389517578889065e-01
4.213783783783784376e-01,-9.444638515705119919e-02
4.313873873873874110e-01,-6.410739821524778781e-02
4.413963963963964399e-01,-3.202492834815744149e-02
4.514054054054054688e-01,5.196152250477758215e-03
4.614144144144144422e-01,4.558366386164507816e-02
4.714234234234234711e-01,7.714126725428098463e-02
4.814324324324325000e-01,1.199129654102317477e-01
4.914414414414414733e-01,1.441315996531584154e-01
5.014504504504504467e-01,1.714841280709373250e-01
5.114594594594594756e-01,2.259921673742821269e-01
5.214684684684685045e-01,2.631073009111541405e-01
5.314774774774775334e-01,3.344236395905451076e-01
5.414864864864865623e-01,3.716199703096213502e-01
5.514954954954955912e-01,3.694077845987709940e-01
5.615045045045045091e-01,4.650515095736759141e-01
5.715135135135135380e-01,4.454772128569523537e-01
5.815225225225225669e-01,5.071531534889339721e-01
5.915315315315315958e-01,5.270921098111345238e-01
6.015405405405406247e-01,5.514353845813037003e-01
6.115495495495496536e-01,6.392364741956937380e-01
6.215585585585585715e-01,7.043204652771513086e-01
6.315675675675676004e-01,6.851616487207250472e-01
6.415765765765766293e-01,7.983252554752109376e-01
6.515855855855856582e-01,7.785564788478073206e-01
6.615945945945946871e-01,8.523047833145377394e-01
6.716036036036036050e-01,9.157543844261820665e-01
6.816126126126126339e-01,9.736761465682128858e-01
6.916216216216216628e-01,1.064029592259590817e+00
7.016306306306306917e-01,1.070072161102704644e+00
7.116396396396397206e-01,1.153366264990468570e+00
7.216486486486487495e-01,1.143990286664154699e+00
7.316576576576576674e-01,1.186298068178062382e+00
7.416666666666666963e-01,1.186451629892798287e+00
7.516756756756757252e-01,1.359614298140267907e+00
7.616846846846847541e-01,1.336970501864967353e+00
7.716936936936937830e-01,1.480924969640395439e+00
7.817027027027028119e-01,1.530401501548151577e+00
7.917117117117117298e-01,1.542319129380837373e+00
8.017207207207207587e-01,1.775429666501814330e+00
8.117297297297297876e-01,1.575027128975280188e+00
8.217387387387388165e-01,1.847409140648177406e+00
8.317477477477478454e-01,1.669718796276926875e+00
8.417567567567568743e-01,1.919249214833553152e+00
8.517657657657657921e-01,1.924152357361009091e+00
8.617747747747748210e-01,2.044960496918451387e+00
8.717837837837838499e-01,2.007083355675276515e+00
8.817927927927928788e-01,2.186696872601613606e+00
8.918018018018019077e-01,2.071079237067683820e+00
9.018108108108109366e-01,2.143284932054021485e+00
9.118198198198198545e-01,2.452109180103357211e+00
9.218288288288288834e-01,2.592797481135558968e+00
9.318378378378379123e-01,2.504318568948430190e+00
9.418468468468469412e-01,2.474143826033150084e+00
9.518558558558559701e-01,2.666959340673457746e+00
9.618648648648649990e-01,2.531704330943071568e+00
9.718738738738739169e-01,2.845742788309492788e+00
9.818828828828829458e-01,2.619571279018915622e+00
9.918918918918919747e-01,3.305366920996482438e+00
1.001900900900900782e+00,3.020999266825906915e+00
1.011909909909909810e+00,3.099008606490411655e+00
1.021918918918918839e+00,3.194436093851669600e+00
1.031927927927927868e+00,3.189946592695970917e+00
1.041936936936936897e+00,3.458053626771291800e+00
1.051945945945945926e+00,3.295882402383792709e+00
1.061954954954954955e+00,3.523771355254294413e+00
1.071963963963963984e+00,3.737568118690377528e+00
1.081972972972973013e+00,3.485774359816370627e+00
1.091981981981982042e+00,3.862582001161829925e+00
1.101990990990991071e+00,3.919270748238236290e+00
1.111999999999999877e+00,4.089616485405934476e+00
1.122009009009008906e+00,4.171863682008281060e+00
1.132018018018017935e+00,4.440095747545846905e+00
1.142027027027026964e+00,4.127967686937984659e+00
1.152036036036035993e+00,4.446333179838504179e+00
1.162045045045045022e+00,4.175805406683997134e+00
1.172054054054054051e+00,4.512207992044893423e+00
1.182063063063063080e+00,4.684235650110286642e+00
1.192072072072072109e+00,4.715922837083746266e+00
1.202081081081081138e+00,4.767243293221693712e+00
1.212090090090090166e+00,4.750657767900956507e+00
1.222099099099099195e+00,4.986756764689515009e+00
1.232108108108108002e+00,5.253380770317384041e+00
1.242117117117117031e+00,4.956666885376606935e+00
1.252126126126126060e+00,5.422331722553742850e+00
1.262135135135135089e+00,4.934011748927530583e+00
1.272144144144144118e+00,5.713176742716867373e+00
1.282153153153153147e+00,5.639579631591690401e+00
1.292162162162162176e+00,5.445837818027975175e+00
1.302171171171171205e+00,6.409551131074914032e+00
1.312180180180180233e+00,5.472328398016136575e+00
1.322189189189189262e+00,6.453258366699071047e+00
1.332198198198198291e+00,6.541410471989089537e+00
1.342207207207207098e+00,5.841265311214939082e+00
1.352216216216216127e+00,6.403147334851151840e+00
1.362225225225225156e+00,6.989367774819569945e+00
1.372234234234234185e+00,6.474336858494848634e+00
1.382243243243243214e+00,7.079721940874545538e+00
1.392252252252252243e+00,7.220576571287152134e+00
1.402261261261261271e+00,7.040787226432781765e+00
1.412270270270270300e+00,7.587824371505384136e+00
1.422279279279279329e+00,7.940240691196962075e+00
1.432288288288288358e+00,7.579229852410828805e+00
1.442297297297297387e+00,8.008382059101666783e+00
1.452306306306306416e+00,7.542804514188062193e+00
1.462315315315315223e+00,7.283548967639152494e+00
1.472324324324324252e+00,7.989826078703448076e+00
1.482333333333333281e+00,8.252394031261099272e+00
1.492342342342342310e+00,8.347820969418277670e+00
1.502351351351351338e+00,8.865507976665778500e+00
1.512360360360360367e+00,9.173627537411714883e+00
1.522369369369369396e+00,8.619754327851705256e+00
1.532378378378378425e+00,9.232198644356087058e+00
1.542387387387387454e+00,8.893922455319476228e+00
1.552396396396396483e+00,8.398955603820212445e+00
1.562405405405405512e+00,9.134670460235200906e+00
1.572414414414414541e+00,1.017422730713966317e+01
1.582423423423423348e+00,9.993340087136784788e+00
1.592432432432432377e+00,1.056631989430324303e+01
1.602441441441441405e+00,9.247845384280600101e+00
1.612450450450450434e+00,1.105315824297351313e+01
1.622459459459459463e+00,1.030987021479267618e+01
1.632468468468468492e+00,1.033003912021586324e+01
1.642477477477477521e+00,1.067086297715660770e+01
1.652486486486486550e+00,1.081434526157457476e+01
1.662495495495495579e+00,1.174476345528548826e+01
1.672504504504504608e+00,1.037836179766932609e+01
1.682513513513513637e+00,1.079666992844138207e+01
1.692522522522522443e+00,1.192029895136607109e+01
1.702531531531531472e+00,1.146820616174048091e+01
1.712540540540540501e+00,1.176432256004698829e+01
1.722549549549549530e+00,1.240209097854331155e+01
1.732558558558558559e+00,1.219163233652192169e+01
1.742567567567567588e+00,1.188186966750540030e+01
1.752576576576576617e+00,1.285119307660294119e+01
1.762585585585585646e+00,1.278133491016844836e+01
1.772594594594594675e+00,1.378401934091275827e+01
1.782603603603603704e+00,1.333348608641934518e+01
1.792612612612612732e+00,1.294003741572601029e+01
1.802621621621621761e+00,1.384212528775618445e+01
1.812630630630630568e+00,1.303195644116034302e+01
1.822639639639639597e+00,1.403331432856741756e+01
1.832648648648648626e+00,1.434640358166709895e+01
1.842657657657657655e+00,1.374591703328451686e+01
1.852666666666666684e+00,1.413834930960334191e+01
1.862675675675675713e+00,1.473535525635270993e+01
1.872684684684684742e+00,1.408654155581227130e+01
1.882693693693693771e+00,1.685961247508950223e+01
1.892702702702702799e+00,1.599178750285937589e+01
1.902711711711711828e+00,1.554251059155101267e+01
1.912720720720720857e+00,1.563648865844878699e+01
1.922729729729729886e+00,1.669715506694274509e+01
1.932738738738738693e+00,1.546432970322162959e+01
1.942747747747747722e+00,1.739042336062513172e+01
1.952756756756756751e+00,1.771218127819202692e+01
1.962765765765765780e+00,1.717610935647314108e+01
1.972774774774774809e+00,1.606039314492250014e+01
1.982783783783783838e+00,1.844993399104435383e+01
1.992792792792792866e+00,1.772175072301679677e+01
2.002801801801801673e+00,1.825844958512011473e+01
2.012810810810810924e+00,1.799310509340609698e+01
2.022819819819819731e+00,1.741566761592475387e+01
2.032828828828828982e+00,1.834976875045664713e+01
2.042837837837837789e+00,1.988830146118126763e+01
2.052846846846847040e+00,1.988613424999026336e+01
2.062855855855855847e+00,1.980705548085505185e+01
2.072864864864865098e+00,1.995864140084421123e+01
2.082873873873873904e+00,2.169740963103810572e+01
2.092882882882883155e+00,1.748090498690300620e+01
2.102891891891891962e+00,1.989094492091059507e+01
2.112900900900900769e+00,2.160897819162290290e+01
2.122909909909910020e+00,2.041605443495002348e+01
2.132918918918918827e+00,2.136050108088996069e+01
2.142927927927928078e+00,2.213768168435566963e+01
2.152936936936936885e+00,2.179031761248143440e+01
2.162945945945946136e+00,1.842749179851454144e+01
2.172954954954954943e+00,2.166389512016661101e+01
2.182963963963964193e+00,2.065917393453236528e+01
2.192972972972973000e+00,2.498613018266694752e+01
2.202981981981982251e+00,2.219401525766728867e+01
2.212990990990991058e+00,2.301326600330733996e+01
2.222999999999999865e+00,2.374527049609851304e+01
2.233009009009009116e+00,2.361225370856189798e+01
2.243018018018017923e+00,2.385335865297551905e+01
2.253027027027027174e+00,2.553272626066117823e+01
2.263036036036035981e+00,2.442141485989957062e+01
2.273045045045045232e+00,2.377412882708852493e+01
2.283054054054054038e+00,2.447150398505929303e+01
2.293063063063063289e+00,2.282083518301053005e+01
2.303072072072072096e+00,2.539292589986168736e+01
2.313081081081081347e+00,2.604178579730966803e+01
2.323090090090090154e+00,2.621011405234552782e+01
2.333099099099098961e+00,2.699010330365132759e+01
2.343108108108108212e+00,2.461337878375767474e+01
2.353117117117117019e+00,2.685028576575670911e+01
2.363126126126126270e+00,2.725498141751392467e+01
2.373135135135135076e+00,2.547824412522998117e+01
2.383144144144144327e+00,2.610166941793270823e+01
2.393153153153153134e+00,2.956704465430379614e+01
2.403162162162162385e+00,2.601069110882147584e+01
2.413171171171171192e+00,2.725592148918211066e+01
2.423180180180180443e+00,2.732459017189802708e+01
2.433189189189189250e+00,2.746470315913767379e+01
2.443198198198198501e+00,3.084888151976411663e+01
2.453207207207207308e+00,2.927545492106724367e+01
2.463216216216216115e+00,2.859335858122761209e+01
2.473225225225225365e+00,3.035326029698607897e+01
2.483234234234234172e+00,3.279459507253108796e+01
2.493243243243243423e+00,2.949642997281837609e+01
2.503252252252252230e+00,3.343563679995948235e+01
2.513261261261261481e+00,3.201814714897540171e+01
2.523270270270270288e+00,3.222725552375614200e+01
2.533279279279279539e+00,3.294930123838077662e+01
2.543288288288288346e+00,3.374407924187443086e+01
2.553297297297297597e+00,3.107865279925223945e+01
2.563306306306306404e+00,3.435584204521330776e+01
2.573315315315315210e+00,3.496664826149814331e+01
2.583324324324324461e+00,3.503471685198903884e+01
2.593333333333333268e+00,3.356993130798813496e+01
2.603342342342342519e+00,3.721032731749394173e+01
2.613351351351351326e+00,3.606969867907437788e+01
2.623360360360360577e+00,3.862315608694663638e+01
2.633369369369369384e+00,3.356336880798126288e+01
2.643378378378378635e+00,3.620124975484413454e+01
2.653387387387387442e+00,3.718137883012227007e+01
2.663396396396396693e+00,3.562814163993699879e+01
2.673405405405405499e+00,3.789704467570333435e+01
2.683414414414414306e+00,3.542662373689367428e+01
2.693423423423423557e+00,3.894103255663426921e+01
2.703432432432432364e+00,4.069412267833924801e+01
2.713441441441441615e+00,3.868278230997862721e+01
2.723450450450450422e+00,3.941786380280606750e+01
2.733459459459459673e+00,4.057109151052323881e+01
2.743468468468468480e+00,3.926002531313976363e+01
2.753477477477477731e+00,3.814784894192617060e+01
2.763486486486486537e+00,4.333422143028933249e+01
2.773495495495495788e+00,3.916313249957826059e+01
2.783504504504504595e+00,4.469327789293718212e+01
2.793513513513513846e+00,4.349813224685109958e+01
2.803522522522522653e+00,4.427536786163720706e+01
2.813531531531531460e+00,3.903904076981964977e+01
2.823540540540540711e+00,4.682709841891627178e+01
2.833549549549549518e+00,4.423768921972302337e+01
2.843558558558558769e+00,4.166259204166967578e+01
2.853567567567567576e+00,4.036768573192279064e+01
2.863576576576576826e+00,4.547520105274123381e+01
2.873585585585585633e+00,4.284887638292956780e+01
2.883594594594594884e+00,4.672335273183988846e+01
2.893603603603603691e+00,4.149079986795211283e+01
2.903612612612612942e+00,4.537855199619983892e+01
2.913621621621621749e+00,5.111912743741562082e+01
2.923630630630630556e+00,4.264103136435358721e+01
2.933639639639639807e+00,4.780921964745834174e+01
2.943648648648648614e+00,4.851060866550736250e+01
2.953657657657657865e+00,4.998340732300117395e+01
2.963666666666666671e+00,4.815660623772096471e+01
2.973675675675675922e+00,4.413344947987394562e+01
2.983684684684684729e+00,4.860409034574903586e+01
2.993693693693693980e+00,5.193452174556411194e+01
3.003702702702702787e+00,5.360012852814548978e+01
3.013711711711712038e+00,5.385698418416170341e+01
3.023720720720720845e+00,5.235020398533070818e+01
3.033729729729729652e+00,4.834333591984903933e+01
3.043738738738738903e+00,5.527274410961506845e+01
3.053747747747747709e+00,5.115567661356660523e+01
3.063756756756756960e+00,5.232226981905775176e+01
3.073765765765765767e+00,5.202684140886898945e+01
3.083774774774775018e+00,5.593339791207831269e+01
3.093783783783783825e+00,5.294145923621282890e+01
3.103792792792793076e+00,5.515488470213762895e+01
3.113801801801801883e+00,5.251320871566877457e+01
3.123810810810811134e+00,5.600607930571096915e+01
3.133819819819819941e+00,5.276934022484973497e+01
3.143828828828829192e+00,5.935400498220386112e+01
3.153837837837837998e+00,5.746070397822948195e+01
3.163846846846846805e+00,5.290493832753884362e+01
3.173855855855856056e+00,5.657289728559019437e+01
3.183864864864864863e+00,5.975946446493600206e+01
3.193873873873874114e+00,5.691402505398188083e+01
3.203882882882882921e+00,6.064877796885674854e+01
3.213891891891892172e+00,5.864355987126837277e+01
3.223900900900900979e+00,6.540797485725435934e+01
3.233909909909910230e+00,5.971964492382062417e+01
3.243918918918919037e+00,6.186132061862197418e+01
3.253927927927928287e+00,5.871781524949106057e+01
3.263936936936937094e+00,6.485109937109920963e+01
3.273945945945945901e+00,6.073027677658129875e+01
3.283954954954955152e+00,6.331952120512647753e+01
3.293963963963963959e+00,6.021477901630463947e+01
3.303972972972973210e+00,6.837347311662263394e+01
3.313981981981982017e+00,6.033504142721571384e+01
3.323990990990991268e+00,6.862606823157663882e+01
3.334000000000000075e+00,6.156163139378300997e+01
3.344009009009009326e+00,7.173697044511249032e+01
3.354018018018018132e+00,6.255078322825325188e+01
3.364027027027027383e+00,7.048045135438886177e+01
3.374036036036036190e+00,6.795093934161478444e+01
3.384045045045044997e+00,6.788647840745281314e+01
3.394054054054054248e+00,6.865524758005426520e+01
3.404063063063063055e+00,7.303459749421401170e+01
3.414072072072072306e+00,7.255155260998620292e+01
3.424081081081081113e+00,6.929188713992108717e+01
3.434090090090090364e+00,6.882763051788501230e+01
3.444099099099099170e+00,7.280869015429119884e+01
3.454108108108108421e+00,7.032211683766537647e+01
3.464117117117117228e+00,7.072527532763409397e+01
3.474126126126126479e+00,6.799257293493796794e+01
3.484135135135135286e+00,8.154793923189714633e+01
3.494144144144144537e+00,7.816920719303615783e+01
3.504153153153153344e+00,7.585238956428091228e+01
3.514162162162162151e+00,7.284439542832052439e+01
3.524171171171171402e+00,6.849489316766737090e+01
3.534180180180180209e+00,7.106586685861802266e+01
3.544189189189189459e+00,7.946106679585591337e+01
3.554198198198198266e+00,7.891119930936893923e+01
3.564207207207207517e+00,8.586937864762094819e+01
3.574216216216216324e+00,8.666282110167274766e+01
3.584225225225225575e+00,7.870963685535618026e+01
3.594234234234234382e+00,7.773071629317334441e+01
3.604243243243243633e+00,8.192334908444455266e+01
3.614252252252252440e+00,7.616027998420987899e+01
3.624261261261261247e+00,8.467139661655990324e+01
3.634270270270270498e+00,7.607731126858325865e+01
3.644279279279279304e+00,8.547227545158742146e+01
3.654288288288288555e+00,8.314634478941206908e+01
3.664297297297297362e+00,8.215354962903222713e+01
3.674306306306306613e+00,8.748975982075153013e+01
3.684315315315315420e+00,8.420758859005415786e+01
3.694324324324324671e+00,8.689354648229344491e+01
3.704333333333333478e+00,7.871474074875862925e+01
3.714342342342342729e+00,9.044733821120451012e+01
3.724351351351351536e+00,8.691907056458718728e+01
3.734360360360360342e+00,8.871495193391356793e+01
3.744369369369369593e+00,8.575018537863604706e+01
3.754378378378378400e+00,8.773540733699729799e+01
3.764387387387387651e+00,8.686504130469963059e+01
3.774396396396396458e+00,9.178084961892962212e+01
3.784405405405405709e+00,9.539256401242940342e+01
3.794414414414414516e+00,9.602219528382978808e+01
3.804423423423423767e+00,8.438674065903823873e+01
3.814432432432432574e+00,9.650793765349516207e+01
3.824441441441441825e+00,9.984651590816692135e+01
3.834450450450450631e+00,8.630028331212282922e+01
3.844459459459459882e+00,9.967726135011628230e+01
3.854468468468468689e+00,1.022991485243043712e+02
3.864477477477477496e+00,9.798238843439033019e+01
3.874486486486486747e+00,9.925388384534126374e+01
3.884495495495495554e+00,9.732418054459598977e+01
3.894504504504504805e+00,9.779838326398156312e+01
3.904513513513513612e+00,9.851405975778746438e+01
3.914522522522522863e+00,1.047091963640094860e+02
3.924531531531531670e+00,9.229492929522507438e+01
3.934540540540540920e+00,1.031378699716122043e+02
3.944549549549549727e+00,9.162243119149441384e+01
3.954558558558558978e+00,1.123009981988492996e+02
3.964567567567567785e+00,1.001308480759458917e+02
3.974576576576576592e+00,1.081708007427938441e+02
3.984585585585585843e+00,1.050427462326623100e+02
3.994594594594594650e+00,9.978421802983663724e+01
4.004603603603603901e+00,1.070735934211088392e+02
4.014612612612613596e+00,1.033521724807776252e+02
4.024621621621622403e+00,1.091343204271434075e+02
4.034630630630631209e+00,1.132221305389234658e+02
4.044639639639640016e+00,1.116382304058320898e+02
4.054648648648649711e+00,1.050657688978028546e+02
4.064657657657658518e+00,1.164634768128763795e+02
4.074666666666667325e+00,1.185434634403727046e+02
4.084675675675676132e+00,1.101133697710237414e+02
4.094684684684684939e+00,1.190660297586152438e+02
4.104693693693694634e+00,1.021524164594013939e+02
4.114702702702703441e+00,1.223182738927661717e+02
4.124711711711712248e+00,1.162370003786399195e+02
4.134720720720721054e+00,1.213340991885799411e+02
4.144729729729730749e+00,1.109175887330365242e+02
4.154738738738739556e+00,1.206455153647293912e+02
4.164747747747748363e+00,1.249777835025668935e+02
4.174756756756757170e+00,1.287842699236159945e+02
4.184765765765766865e+00,1.254243309526624586e+02
4.194774774774775672e+00,1.114567648689187962e+02
4.204783783783784479e+00,1.212559170674736038e+02
4.214792792792793286e+00,1.161052476352436713e+02
4.224801801801802092e+00,1.189599763925698852e+02
4.234810810810811788e+00,1.202168318118689996e+02
4.244819819819820594e+00,1.259452525479826903e+02
4.254828828828829401e+00,1.135987506832136376e+02
4.264837837837838208e+00,1.180225923028734201e+02
4.274846846846847903e+00,1.364300022950701532e+02
4.284855855855856710e+00,1.330992916062952816e+02
4.294864864864865517e+00,1.204538016122325672e+02
4.304873873873874324e+00,1.324613385344165977e+02
4.314882882882883131e+00,1.308480289435708528e+02
4.324891891891892826e+00,1.359534351806341874e+02
4.334900900900901632e+00,1.381572450146029780e+02
4.344909909909910439e+00,1.321778837988104272e+02
4.354918918918919246e+00,1.310724350948807739e+02
4.364927927927928941e+00,1.259952499056315389e+02
4.374936936936937748e+00,1.319369723490286788e+02
4.384945945945946555e+00,1.538912872401344032e+02
4.394954954954955362e+00,1.453401552774605250e+02
4.404963963963965057e+00,1.372015433293340152e+02
4.414972972972973864e+00,1.373840618157553592e+02
4.424981981981982671e+00,1.376939349578904626e+02
4.434990990990991477e+00,1.317976955155386065e+02
4.445000000000000284e+00,1.403981228949079707e+02
4.455009009009009979e+00,1.473637871157462769e+02
4.465018018018018786e+00,1.449950865477314323e+02
4.475027027027027593e+00,1.427483356627124067e+02
4.485036036036036400e+00,1.495795035773870723e+02
4.495045045045046095e+00,1.392116909856644043e+02
4.505054054054054902e+00,1.585812163044284659e+02
4.515063063063063709e+00,1.679795325525632848e+02
4.525072072072072515e+00,1.485305579475699744e+02
4.535081081081082210e+00,1.510476976040123418e+02
4.545090090090091017e+00,1.476221665330115229e+02
4.555099099099099824e+00,1.436162562451549434e+02
4.565108108108108631e+00,1.570571097238041887e+02
4.575117117117117438e+00,1.577509099683246916e+02
4.585126126126127133e+00,1.502904020829450360e+02
4.595135135135135940e+00,1.614718922509494803e+02
4.605144144144144747e+00,1.466659902557426278e+02
4.615153153153153553e+00,1.633308883717039635e+02
4.625162162162163249e+00,1.561367673524156316e+02
4.635171171171172055e+00,1.426860139232316556e+02
4.645180180180180862e+00,1.645932310639508387e+02
4.655189189189189669e+00,1.514673829635907794e+02
4.665198198198198476e+00,1.789176488483701348e+02
4.675207207207208171e+00,1.660839523761836745e+02
4.685216216216216978e+00,1.685315366429577466e+02
4.695225225225225785e+00,1.599795353925990469e+02
4.705234234234234592e+00,1.568626958203994946e+02
4.715243243243244287e+00,1.700007267101157709e+02
4.725252252252253093e+00,1.691946300885165329e+02
4.735261261261261900e+00,1.712233086854344322e+02
4.745270270270270707e+00,1.594587072733764614e+02
4.755279279279280402e+00,1.692921785155124326e+02
4.765288288288289209e+00,1.758041159460510698e+02
4.775297297297298016e+00,1.831955363143203783e+02
4.785306306306306823e+00,1.577235369533014762e+02
4.795315315315315630e+00,1.788865616150075653e+02
4.805324324324325325e+00,1.857839265990953947e+02
4.815333333333334132e+00,1.715940821580926752e+02
4.825342342342342938e+00,1.804412959061983770e+02
4.835351351351351745e+00,1.770897493716150848e+02
4.845360360360361440e+00,1.926235909667114470e+02
4.855369369369370247e+00,1.846332341132762451e+02
4.865378378378379054e+00,2.007415233956864427e+02
4.875387387387387861e+00,1.619218124952291191e+02
4.885396396396397556e+00,1.727513653530148758e+02
4.895405405405406363e+00,1.667870981688441532e+02
4.905414414414415170e+00,1.836647621170303637e+02
4.915423423423423976e+00,1.929193836590540911e+02
4.925432432432432783e+00,1.880255239083893457e+02
4.935441441441442478e+00,1.844434798295066287e+02
4.945450450450451285e+00,1.858131128516561148e+02
4.955459459459460092e+00,1.779384335571906490e+02
4.965468468468468899e+00,1.825477792019975993e+02
4.975477477477478594e+00,1.835928153739478148e+02
4.985486486486487401e+00,1.920092284509081537e+02
4.995495495495496208e+00,1.850863319649545247e+02
5.005504504504505014e+00,1.903193250814367445e+02
5.015513513513513821e+00,1.803079343328318487e+02
5.025522522522523516e+00,2.015274482547141872e+02
5.035531531531532323e+00,1.994939907045394136e+02
5.045540540540541130e+00,1.877032518943981074e+02
5.055549549549549937e+00,2.048495797089651944e+02
5.065558558558559632e+00,2.153540768574580397e+02
5.075567567567568439e+00,1.964506169231703154e+02
5.085576576576577246e+00,2.143489318007165423e+02
5.095585585585586053e+00,2.039704940254351015e+02
5.105594594594595748e+00,2.016747548354007336e+02
5.115603603603604554e+00,2.047088428985102553e+02
5.125612612612613361e+00,1.906654566696712152e+02
5.135621621621622168e+00,2.012908325744253091e+02
5.145630630630630975e+00,1.977391750400568924e+02
5.155639639639640670e+00,2.320792012780051436e+02
5.165648648648649477e+00,2.057307583982278061e+02
5.175657657657658284e+00,1.934661420729210590e+02
5.185666666666667091e+00,2.323050259347953670e+02
5.195675675675676786e+00,1.965169158218634493e+02
5.205684684684685593e+00,2.193156679685680501e+02
5.215693693693694399e+00,2.239419761514026845e+02
5.225702702702703206e+00,2.079730593451345442e+02
5.235711711711712901e+00,2.119798140614878719e+02
5.245720720720721708e+00,2.199771658199072135e+02
5.255729729729730515e+00,2.178487405542002477e+02
5.265738738738739322e+00,2.298004074650711459e+02
5.275747747747748129e+00,2.469101834705474232e+02
5.285756756756757824e+00,2.172150107230197307e+02
5.295765765765766631e+00,2.230681267196828514e+02
5.305774774774775437e+00,2.304433678463061028e+02
5.315783783783784244e+00,2.470926692283975399e+02
5.325792792792793939e+00,2.153640789769061143e+02
5.335801801801802746e+00,2.195633533095183054e+02
5.345810810810811553e+00,2.096730850354334450e+02
5.355819819819820360e+00,2.407239527841198310e+02
5.365828828828829167e+00,2.358919713996705809e+02
5.375837837837838862e+00,2.266383696989833538e+02
5.385846846846847669e+00,2.318406031312825633e+02
5.395855855855856476e+00,2.289404193583330596e+02
5.405864864864865282e+00,2.232313564296402149e+02
5.415873873873874977e+00,2.309684754649102274e+02
5.425882882882883784e+00,2.464681446338789499e+02
5.435891891891892591e+00,2.508798870211184635e+02
5.445900900900901398e+00,2.585898748193017695e+02
5.455909909909911093e+00,2.408589814547319463e+02
5.465918918918919900e+00,2.692251853496737795e+02
5.475927927927928707e+00,2.200341447481842749e+02
5.485936936936937514e+00,2.413137304629551636e+02
5.495945945945946320e+00,2.423523482564555707e+02
5.505954954954956015e+00,2.465766621289319005e+02
5.515963963963964822e+00,2.663038565117237795e+02
5.525972972972973629e+00,2.554455105410153806e+02
5.535981981981982436e+00,2.583730344722915788e+02
5.545990990990992131e+00,2.350824294209296568e+02
5.556000000000000938e+00,2.432186475555962204e+02
5.566009009009009745e+00,2.431712625994325094e+02
5.576018018018018552e+00,2.675779465130922290e+02
5.586027027027028247e+00,2.729222690293446476e+02
5.596036036036037054e+00,2.575799028703875138e+02
5.606045045045045860e+00,2.571159231858310363e+02
5.616054054054054667e+00,2.583959958637947238e+02
5.626063063063063474e+00,2.605909344556529277e+02
5.636072072072073169e+00,2.620079299705234348e+02
5.646081081081081976e+00,2.678421914382233808e+02
5.656090090090090783e+00,2.908832165788585371e+02
5.666099099099099590e+00,2.744700381864639098e+02
5.676108108108109285e+00,2.679469938981437735e+02
5.686117117117118092e+00,2.902984018140206786e+02
5.696126126126126898e+00,2.848688928378986134e+02
5.706135135135135705e+00,2.667564911901474716e+02
5.716144144144144512e+00,2.752696535254333980e+02
5.726153153153154207e+00,2.786410054102325375e+02
5.736162162162163014e+00,2.910230899566926155e+02
5.746171171171171821e+00,2.804388269830497507e+02
5.756180180180180628e+00,3.046496032248330721e+02
5.766189189189190323e+00,2.699719566951073375e+02
5.776198198198199130e+00,2.504371482956119905e+02
5.786207207207207937e+00,3.071073427253698469e+02
5.796216216216216743e+00,2.827909414594962527e+02
5.806225225225226438e+00,3.013602976133862512e+02
5.816234234234235245e+00,2.883313610366477064e+02
5.826243243243244052e+00,3.046682270308603506e+02
5.836252252252252859e+00,2.827409576986927391e+02
5.846261261261261666e+00,3.155322259521220190e+02
5.856270270270271361e+00,3.030292746434170681e+02
5.866279279279280168e+00,2.736005987570947013e+02
5.876288288288288975e+00,2.875353174396661302e+02
5.886297297297297781e+00,2.927756725606330974e+02
5.896306306306307476e+00,3.094835421561625139e+02
5.906315315315316283e+00,2.850877770658714212e+02
5.916324324324325090e+00,3.014670004691495819e+02
5.926333333333333897e+00,2.808568996178068460e+02
5.936342342342343592e+00,3.398533653273372011e+02
5.946351351351352399e+00,3.186432320323845602e+02
5.956360360360361206e+00,2.949697079286682424e+02
5.966369369369370013e+00,3.015188711097300143e+02
5.976378378378378819e+00,2.994769933671508397e+02
5.986387387387388515e+00,3.286676974760866869e+02
5.996396396396397321e+00,3.323724977682359736e+02
6.006405405405406128e+00,2.999072403740960340e+02
6.016414414414414935e+00,3.183441105755953799e+02
6.026423423423424630e+00,3.014827714106700682e+02
6.036432432432433437e+00,3.232297178906465547e+02
6.046441441441442244e+00,3.052297799001212866e+02
6.056450450450451051e+00,3.083871717515521595e+02
6.066459459459459858e+00,3.192471147045485509e+02
6.076468468468469553e+00,3.377899651555892433e+02
6.086477477477478359e+00,3.339594769592491161e+02
6.096486486486487166e+00,3.340037895676817925e+02
6.106495495495495973e+00,3.390629141958677906e+02
6.116504504504505668e+00,3.055179749524528461e+02
6.126513513513514475e+00,3.449643324849182022e+02
6.136522522522523282e+00,3.454896226010142755e+02
6.146531531531532089e+00,3.197175839569322875e+02
6.156540540540541784e+00,3.349774356541943803e+02
6.166549549549550591e+00,3.461574748829660848e+02
6.176558558558559398e+00,3.346630245330043181e+02
6.186567567567568204e+00,3.329610918434867131e+02
6.196576576576577011e+00,3.421392909603221710e+02
6.206585585585586706e+00,3.359711340027842539e+02
6.216594594594595513e+00,3.185935746704021767e+02
6.226603603603604320e+00,3.932068870387586230e+02
6.236612612612613127e+00,3.272359469741329576e+02
6.246621621621622822e+00,3.609772633166289779e+02
6.256630630630631629e+00,3.749713187721127383e+02
6.266639639639640436e+00,3.585772798321812047e+02
6.276648648648649242e+00,3.671612194988551892e+02
6.286657657657658937e+00,3.469816879870915614e+02
6.296666666666667744e+00,3.627677546587656252e+02
6.306675675675676551e+00,3.924504835019233724e+02
6.316684684684685358e+00,3.458767404878045113e+02
6.326693693693694165e+00,3.017063315944993747e+02
6.336702702702703860e+00,3.395027159848772271e+02
6.346711711711712667e+00,3.859444716035250167e+02
6.356720720720721474e+00,3.739425635372680290e+02
6.366729729729730280e+00,3.808994364696367825e+02
6.376738738738739976e+00,3.580929944361799926e+02
6.386747747747748782e+00,3.642735914069145338e+02
6.396756756756757589e+00,3.601912395066716499e+02
6.406765765765766396e+00,3.903327514589891507e+02
6.416774774774775203e+00,3.702576673051730722e+02
6.426783783783784898e+00,3.852094077069697278e+02
6.436792792792793705e+00,3.798797992754056168e+02
6.446801801801802512e+00,3.698892347341976006e+02
6.456810810810811319e+00,3.758831590100165840e+02
6.466819819819821014e+00,3.783953113531673580e+02
6.476828828828829820e+00,3.977770469360681318e+02
6.486837837837838627e+00,3.609218642970344604e+02
6.496846846846847434e+00,4.067753839499458763e+02
6.506855855855857129e+00,3.978758410996068164e+02
6.516864864864865936e+00,3.801605651633564094e+02
6.526873873873874743e+00,4.054517273844343777e+02
6.536882882882883550e+00,3.768193943529932426e+02
6.546891891891892357e+00,4.000067475264166887e+02
6.556900900900902052e+00,4.123854091718820882e+02
6.566909909909910859e+00,3.973095763022176357e+02
6.576918918918919665e+00,4.047196940853916658e+02
6.586927927927928472e+00,4.095179945947956526e+02
6.596936936936938167e+00,4.200595935892860098e+02
6.606945945945946974e+00,4.025563122516758767e+02
6.616954954954955781e+00,4.326711327137791159e+02
6.626963963963964588e+00,3.941178622197055574e+02
6.636972972972974283e+00,3.891813761352328243e+02
6.646981981981983090e+00,4.111047192072739449e+02
6.656990990990991897e+00,3.721215164295029467e+02
6.667000000000000703e+00,4.346439981103110313e+02
6.677009009009009510e+00,4.126200132328755217e+02
6.687018018018019205e+00,4.197667430957039301e+02
6.697027027027028012e+00,4.572726950728874158e+02
6.707036036036036819e+00,4.398618767134412337e+02
6.717045045045045626e+00,4.057235057959869664e+02
6.727054054054055321e+00,4.591787314185799005e+02
6.737063063063064128e+00,4.131660616698832200e+02
6.747072072072072935e+00,3.979586303188499983e+02
6.757081081081081742e+00,4.472539585918852936e+02
6.767090090090090548e+00,4.306686041293729090e+02
6.777099099099100243e+00,3.980212851404250500e+02
6.787108108108109050e+00,4.357711671788439958e+02
6.797117117117117857e+00,4.240942055553143746e+02
6.807126126126126664e+00,4.216982809242543340e+02
6.817135135135136359e+00,4.493694672431203685e+02
6.827144144144145166e+00,4.411935648829034449e+02
6.837153153153153973e+00,4.733141575654239546e+02
6.847162162162162780e+00,4.624978131975629481e+02
6.857171171171172475e+00,4.639076214624520844e+02
6.867180180180181281e+00,4.705309002692706599e+02
6.877189189189190088e+00,4.476256837891748432e+02
6.887198198198198895e+00,4.459618569507719599e+02
6.897207207207207702e+00,4.763547353764092804e+02
6.907216216216217397e+00,4.259474423069819977e+02
6.917225225225226204e+00,4.486265732221225448e+02
6.927234234234235011e+00,4.815054634912482925e+02
6.937243243243243818e+00,4.331750001170020710e+02
6.947252252252253513e+00,4.768568188963946000e+02
6.957261261261262320e+00,4.400551238862856849e+02
6.967270270270271126e+00,4.769220034918402575e+02
6.977279279279279933e+00,4.681960277927072411e+02
6.987288288288289628e+00,5.074196569736354263e+02
6.997297297297298435e+00,4.441796552544859651e+02
7.007306306306307242e+00,4.994151374276468118e+02
7.017315315315316049e+00,5.089745292660582550e+02
7.027324324324324856e+00,4.942852900677436310e+02
7.037333333333334551e+00,4.600865382824961785e+02
7.047342342342343358e+00,5.361904322469658837e+02
7.057351351351352164e+00,4.510539779430782232e+02
7.067360360360360971e+00,5.299162224900090905e+02
7.077369369369370666e+00,4.797255215737416165e+02
7.087378378378379473e+00,5.209759972798198078e+02
7.097387387387388280e+00,4.627037366434356045e+02
7.107396396396397087e+00,4.772542757126805668e+02
7.117405405405405894e+00,5.445030403204726781e+02
7.127414414414415589e+00,4.765575586768173366e+02
7.137423423423424396e+00,5.330087929990276052e+02
7.147432432432433203e+00,5.000759264794473324e+02
7.157441441441442009e+00,5.224143840076233118e+02
7.167450450450451704e+00,5.234038178160691359e+02
7.177459459459460511e+00,5.122938294861816075e+02
7.187468468468469318e+00,5.319871337855853426e+02
7.197477477477478125e+00,5.260571530680612113e+02
7.207486486486487820e+00,5.014936629913584625e+02
7.217495495495496627e+00,5.057732523715022808e+02
7.227504504504505434e+00,5.119284208119570962e+02
7.237513513513514241e+00,4.859815799757953414e+02
7.247522522522523047e+00,6.037570987413168950e+02
7.257531531531532742e+00,5.265493570771740224e+02
7.267540540540541549e+00,5.764375257701310602e+02
7.277549549549550356e+00,4.917465557681791211e+02
7.287558558558559163e+00,5.237110174593716465e+02
7.297567567567568858e+00,5.271696895964159921e+02
7.307576576576577665e+00,5.399540093193807024e+02
7.317585585585586472e+00,5.249762353511919173e+02
7.327594594594595279e+00,5.372302528650317299e+02
7.337603603603604974e+00,5.376476491614572524e+02
7.347612612612613781e+00,5.475816508494232266e+02
7.357621621621622587e+00,5.412764081534957086e+02
7.367630630630631394e+00,5.429944167533244581e+02
7.377639639639640201e+00,5.243421353667796438e+02
7.387648648648649896e+00,5.289676629302383617e+02
7.397657657657658703e+00,5.404287151239801688e+02
7.407666666666667510e+00,5.583482974218400159e+02
7.417675675675676317e+00,5.274560386002361838e+02
7.427684684684686012e+00,5.415079094505174453e+02
7.437693693693694819e+00,5.783725127815117730e+02
7.447702702702703625e+00,5.426736540303066931e+02
7.457711711711712432e+00,5.220869161821468651e+02
7.467720720720721239e+00,6.210339151531363768e+02
7.477729729729730934e+00,5.620501264251070097e+02
7.487738738738739741e+00,5.520721405724581246e+02
7.497747747747748548e+00,6.003682852301197954e+02
7.507756756756757355e+00,5.493251472855391739e+02
7.517765765765767050e+00,6.001240632498028162e+02
7.527774774774775857e+00,5.814673117157191200e+02
7.537783783783784664e+00,6.049114427232309481e+02
7.547792792792793470e+00,6.071800006367327569e+02
7.557801801801803165e+00,6.152767476817167562e+02
7.567810810810811972e+00,5.622625158351598884e+02
7.577819819819820779e+00,6.442150356287435216e+02
7.587828828828829586e+00,6.000582056354942324e+02
7.597837837837838393e+00,6.499472986088446760e+02
7.607846846846848088e+00,6.243281729218379041e+02
7.617855855855856895e+00,5.806358643380901867e+02
7.627864864864865702e+00,6.334111221083642249e+02
7.637873873873874508e+00,6.328347609912225380e+02
7.647882882882884203e+00,6.045482883346116978e+02
7.657891891891893010e+00,6.100517571623134927e+02
7.667900900900901817e+00,6.185491881440304951e+02
7.677909909909910624e+00,6.107429105842653598e+02
7.687918918918920319e+00,6.475369124029971317e+02
7.697927927927929126e+00,6.078415344489604877e+02
7.707936936936937933e+00,6.291573021973897539e+02
7.717945945945946740e+00,6.144974762433341766e+02
7.727954954954955546e+00,5.997268342033260069e+02
7.737963963963965242e+00,6.324202406399027723e+02
7.747972972972974048e+00,6.512150659815981726e+02
7.757981981981982855e+00,6.485768156407411880e+02
7.767990990990991662e+00,6.386157501507100278e+02
7.778000000000001357e+00,6.910814522394443884e+02
7.788009009009010164e+00,6.437044682115448495e+02
7.798018018018018971e+00,5.904087772354597519e+02
7.808027027027027778e+00,5.868728123157584378e+02
7.818036036036036585e+00,6.708744784665948373e+02
7.828045045045046280e+00,6.477644989552671859e+02
7.838054054054055086e+00,6.749042583466728047e+02
7.848063063063063893e+00,6.499033902145182537e+02
7.858072072072072700e+00,6.737719174977190733e+02
7.868081081081082395e+00,6.304959441669714124e+02
7.878090090090091202e+00,6.609206886650194974e+02
7.888099099099100009e+00,6.591181267506026416e+02
7.898108108108108816e+00,6.801784501458079149e+02
7.908117117117118511e+00,6.405339862486534912e+02
7.918126126126127318e+00,7.268272894158544659e+02
7.928135135135136125e+00,7.098812491937464983e+02
7.938144144144144931e+00,7.070925791178552799e+02
7.948153153153153738e+00,6.746851661468504062e+02
7.958162162162163433e+00,7.268098684941601277e+02
7.968171171171172240e+00,6.747418748241838102e+02
7.978180180180181047e+00,6.792702588176631480e+02
7.988189189189189854e+00,6.292189744129497058e+02
7.998198198198199549e+00,7.044878693374558907e+02
8.008207207207206579e+00,6.130654648608773414e+02
8.018216216216217163e+00,7.210593170247808530e+02
8.028225225225225969e+00,6.858890010225500191e+02
8.038234234234234776e+00,6.941001693655884992e+02
8.048243243243243583e+00,6.862723985211828222e+02
8.058252252252252390e+00,6.494462440911710246e+02
8.068261261261261197e+00,7.034691664290542121e+02
8.078270270270270004e+00,7.422517847017143140e+02
8.088279279279278811e+00,6.871232642016033196e+02
8.098288288288287617e+00,7.198824395383027195e+02
8.108297297297298201e+00,7.691171744396082204e+02
8.118306306306307008e+00,6.976474636652286563e+02
8.128315315315315814e+00,7.410334407535831360e+02
8.138324324324324621e+00,7.246402574016057088e+02
8.148333333333333428e+00,7.399248123167739095e+02
8.158342342342342235e+00,7.690926957802361130e+02
8.168351351351351042e+00,7.458912871470814707e+02
8.178360360360359849e+00,7.251520859851540308e+02
8.188369369369368655e+00,7.111395397259352649e+02
8.198378378378379239e+00,7.291790755586686146e+02
8.208387387387388046e+00,6.326421902894120421e+02
8.218396396396396852e+00,7.887728004015167471e+02
8.228405405405405659e+00,7.370126524064655769e+02
8.238414414414414466e+00,7.136180740245575862e+02
8.248423423423423273e+00,7.555408891438373757e+02
8.258432432432432080e+00,8.098314385849191694e+02
8.268441441441440887e+00,7.285893137957332328e+02
8.278450450450449694e+00,7.747448152149722773e+02
8.288459459459460277e+00,6.848237964720925675e+02
8.298468468468469084e+00,7.270311081611306463e+02
8.308477477477477890e+00,8.157982067526875198e+02
8.318486486486486697e+00,7.522401185669732513e+02
8.328495495495495504e+00,7.976140340046525807e+02
8.338504504504504311e+00,7.451101038110716672e+02
8.348513513513513118e+00,7.517572106699533379e+02
8.358522522522521925e+00,8.340165681472008146e+02
8.368531531531532508e+00,8.146416516028999695e+02
8.378540540540541315e+00,7.751644059220551526e+02
8.388549549549550122e+00,6.904253461418164761e+02
8.398558558558558929e+00,7.749889259007253486e+02
8.408567567567567735e+00,8.087811699163739831e+02
8.418576576576576542e+00,7.573122857158089118e+02
8.428585585585585349e+00,8.833360720560347090e+02
8.438594594594594156e+00,7.482994084030076465e+02
8.448603603603602963e+00,8.421374163217941486e+02
8.458612612612613546e+00,7.892782139552240324e+02
8.468621621621622353e+00,7.955902123677079771e+02
8.478630630630631160e+00,8.111952174550521022e+02
8.488639639639639967e+00,8.212019938345125638e+02
8.498648648648648773e+00,8.487036979588293661e+02
8.508657657657657580e+00,7.879943697395042363e+02
8.518666666666666387e+00,8.292238436109688564e+02
8.528675675675675194e+00,8.278531490535680177e+02
8.538684684684684001e+00,8.535796076507947419e+02
8.548693693693694584e+00,9.131392353112288447e+02
8.558702702702703391e+00,8.613473502584186008e+02
8.568711711711712198e+00,8.761886361410702193e+02
8.578720720720721005e+00,8.539588685079941115e+02
8.588729729729729812e+00,8.947937826554881440e+02
8.598738738738738618e+00,8.302493720066361220e+02
8.608747747747747425e+00,8.359995508292278146e+02
8.618756756756756232e+00,7.580656690825350097e+02
8.628765765765765039e+00,8.565545464366894066e+02
8.638774774774775622e+00,8.189888811053598374e+02
8.648783783783784429e+00,8.771950191999460458e+02
8.658792792792793236e+00,8.555323025491535418e+02
8.668801801801802043e+00,8.952109904418319957e+02
8.678810810810810850e+00,8.417462717434702881e+02
8.688819819819819656e+00,9.003849586083988470e+02
8.698828828828828463e+00,8.669427149657232121e+02
8.708837837837837270e+00,8.233109327733681084e+02
8.718846846846847853e+00,8.656398162498716147e+02
8.728855855855856660e+00,8.870305694793830753e+02
8.738864864864865467e+00,9.507297737065796355e+02
8.748873873873874274e+00,8.459315505738122738e+02
8.758882882882883081e+00,9.215257344019822767e+02
8.768891891891891888e+00,8.831060171192613097e+02
8.778900900900900695e+00,9.873909611779474744e+02
8.788909909909909501e+00,8.648698232893851809e+02
8.798918918918918308e+00,8.960407285038671716e+02
8.808927927927928891e+00,8.920007752061674182e+02
8.818936936936937698e+00,9.528342453081909298e+02
8.828945945945946505e+00,9.204704971946497380e+02
8.838954954954955312e+00,8.931934768904695829e+02
8.848963963963964119e+00,9.371687158151588619e+02
8.858972972972972926e+00,8.973336720419970334e+02
8.868981981981981733e+00,9.272091965627038235e+02
8.878990990990990539e+00,9.076138150305993122e+02
8.888999999999999346e+00,9.628469592445694616e+02
8.899009009009009930e+00,9.144063143459762841e+02
8.909018018018018736e+00,9.178749986475179412e+02
8.919027027027027543e+00,9.197349948094198453e+02
8.929036036036036350e+00,9.089451405931690715e+02
8.939045045045045157e+00,9.898076686795770911e+02
8.949054054054053964e+00,9.804627029780252769e+02
8.959063063063062771e+00,1.012016423613049369e+03
8.969072072072071578e+00,9.241922791212347192e+02
8.979081081081080384e+00,9.518957393995864322e+02
8.989090090090090968e+00,9.296451680017590888e+02
8.999099099099099774e+00,9.301740982420240016e+02
9.009108108108108581e+00,9.691092809349286199e+02
9.019117117117117388e+00,9.371623682128462178e+02
9.029126126126126195e+00,9.798952425808741964e+02
9.039135135135135002e+00,9.765753692058124216e+02
9.049144144144143809e+00,9.825173817460049577e+02
9.059153153153152616e+00,1.034568490670704477e+03
9.069162162162163199e+00,1.004026169939552915e+03
9.079171171171172006e+00,9.545776644437740970e+02
9.089180180180180812e+00,9.843385332086542121e+02
9.099189189189189619e+00,9.873591982927583786e+02
9.109198198198198426e+00,9.438195081696238731e+02
9.119207207207207233e+00,9.426033513373953383e+02
9.129216216216216040e+00,1.042848805898471483e+03
9.139225225225224847e+00,1.003072805805122812e+03
9.149234234234233654e+00,1.034030121051936703e+03
9.159243243243244237e+00,9.668776135235001448e+02
9.169252252252253044e+00,1.003131346431785573e+03
9.179261261261261851e+00,9.653757679492795205e+02
9.189270270270270657e+00,9.855515286614363504e+02
9.199279279279279464e+00,9.957585436187121104e+02
9.209288288288288271e+00,1.070674049734188657e+03
9.219297297297297078e+00,1.013521673108694017e+03
9.229306306306305885e+00,1.121730530504346689e+03
9.239315315315314692e+00,1.049079481515190082e+03
9.249324324324325275e+00,1.093537478697164033e+03
9.259333333333334082e+00,1.064513100719369049e+03
9.269342342342342889e+00,1.058446687649249952e+03
9.279351351351351695e+00,1.018392351319003524e+03
9.289360360360360502e+00,9.754329827064958636e+02
9.299369369369369309e+00,1.052031908325854829e+03
9.309378378378378116e+00,1.068427203076577825e+03
9.319387387387386923e+00,1.007931798118419920e+03
9.329396396396395730e+00,1.177883777055939390e+03
9.339405405405406313e+00,1.078376314014927857e+03
9.349414414414415120e+00,1.074990468845278883e+03
9.359423423423423927e+00,1.096405404398803512e+03
9.369432432432432734e+00,1.140216593078110918e+03
9.379441441441441540e+00,1.089820899630105487e+03
9.389450450450450347e+00,1.126640930068399257e+03
9.399459459459459154e+00,1.028624951490330886e+03
9.409468468468467961e+00,1.136253778957890745e+03
9.419477477477478544e+00,1.132940674276498385e+03
9.429486486486487351e+00,1.095974987220875164e+03
9.439495495495496158e+00,1.129977252075477509e+03
9.449504504504504965e+00,1.046994918828228947e+03
9.459513513513513772e+00,1.174781077471524213e+03
9.469522522522522578e+00,1.055018890996421987e+03
9.479531531531531385e+00,1.061726687428404830e+03
9.489540540540540192e+00,1.133428593814673832e+03
9.499549549549548999e+00,1.252586229597575766e+03
9.509558558558559582e+00,1.061648379871244742e+03
9.519567567567568389e+00,1.091730437332829069e+03
9.529576576576577196e+00,1.079974231300807787e+03
9.539585585585586003e+00,1.080713859917657828e+03
9.549594594594594810e+00,1.147555457336826521e+03
9.559603603603603617e+00,1.093937239159452474e+03
9.569612612612612423e+00,1.192395024936329946e+03
9.579621621621621230e+00,1.072312615707612167e+03
9.589630630630630037e+00,1.163916062254920234e+03
9.599639639639640620e+00,1.135727826771509626e+03
9.609648648648649427e+00,1.193013068155082919e+03
9.619657657657658234e+00,1.226961621867793383e+03
9.629666666666667041e+00,1.136649454848741698e+03
9.639675675675675848e+00,1.112581601608948631e+03
9.649684684684684655e+00,1.205546444307458842e+03
9.659693693693693461e+00,1.099616077330206053e+03
9.669702702702702268e+00,1.229857887378259420e+03
9.679711711711711075e+00,1.077338625973387934e+03
9.689720720720721658e+00,1.180856398530263277e+03
9.699729729729730465e+00,1.212506106319241781e+03
9.709738738738739272e+00,1.172701387486814383e+03
9.719747747747748079e+00,1.192865068465079275e+03
9.729756756756756886e+00,1.164128212418362182e+03
9.739765765765765693e+00,1.208721594722476539e+03
9.749774774774774500e+00,1.234290017849072910e+03
9.759783783783783306e+00,1.112338415971453514e+03
9.769792792792793890e+00,1.262031805810575634e+03
9.779801801801802696e+00,1.145986150381219204e+03
9.789810810810811503e+00,1.163692731594075440e+03
9.799819819819820310e+00,1.137008786871678922e+03
9.809828828828829117e+00,1.229459394621584124e+03
9.819837837837837924e+00,1.313325029990629901e+03
9.829846846846846731e+00,1.153826498999203068e+03
9.839855855855855538e+00,1.214430872084145221e+03
9.849864864864864344e+00,1.243258042944366252e+03
9.859873873873874928e+00,1.220332917665731202e+03
9.869882882882883735e+00,1.329847656026484174e+03
9.879891891891892541e+00,1.341505030553702909e+03
9.889900900900901348e+00,1.292500756582344138e+03
9.899909909909910155e+00,1.187521454702936580e+03
9.909918918918918962e+00,1.374776477834511070e+03
9.919927927927927769e+00,1.263118583781648113e+03
9.929936936936936576e+00,1.327442655330544767e+03
9.939945945945945383e+00,1.232823021353308377e+03
9.949954954954955966e+00,1.299283449800352400e+03
9.959963963963964773e+00,1.197106021503259853e+03
9.969972972972973579e+00,1.366798061281371247e+03
9.979981981981982386e+00,1.275789957254284445e+03
9.989990990990991193e+00,1.214773158768888607e+03
1.000000000000000000e+01,1.329497328105514043e+03
